-- MySQL dump 10.13  Distrib 8.0.26, for Win64 (x86_64)
--
-- Host: 127.0.0.1    Database: bd
-- ------------------------------------------------------
-- Server version	8.0.26

/*!40101 SET @OLD_CHARACTER_SET_CLIENT=@@CHARACTER_SET_CLIENT */;
/*!40101 SET @OLD_CHARACTER_SET_RESULTS=@@CHARACTER_SET_RESULTS */;
/*!40101 SET @OLD_COLLATION_CONNECTION=@@COLLATION_CONNECTION */;
/*!50503 SET NAMES utf8 */;
/*!40103 SET @OLD_TIME_ZONE=@@TIME_ZONE */;
/*!40103 SET TIME_ZONE='+00:00' */;
/*!40014 SET @OLD_UNIQUE_CHECKS=@@UNIQUE_CHECKS, UNIQUE_CHECKS=0 */;
/*!40014 SET @OLD_FOREIGN_KEY_CHECKS=@@FOREIGN_KEY_CHECKS, FOREIGN_KEY_CHECKS=0 */;
/*!40101 SET @OLD_SQL_MODE=@@SQL_MODE, SQL_MODE='NO_AUTO_VALUE_ON_ZERO' */;
/*!40111 SET @OLD_SQL_NOTES=@@SQL_NOTES, SQL_NOTES=0 */;

--
-- Table structure for table `cidade`
--

DROP TABLE IF EXISTS `cidade`;
/*!40101 SET @saved_cs_client     = @@character_set_client */;
/*!50503 SET character_set_client = utf8mb4 */;
CREATE TABLE `cidade` (
  `Cidade_ID` int NOT NULL,
  `Cidade` varchar(50) NOT NULL,
  PRIMARY KEY (`Cidade_ID`)
) ENGINE=InnoDB DEFAULT CHARSET=utf8mb4 COLLATE=utf8mb4_0900_ai_ci;
/*!40101 SET character_set_client = @saved_cs_client */;

--
-- Dumping data for table `cidade`
--

LOCK TABLES `cidade` WRITE;
/*!40000 ALTER TABLE `cidade` DISABLE KEYS */;
INSERT INTO `cidade` VALUES (1,'Catalina'),(2,'Campok'),(3,'Dolní Lhota'),(4,'Nagano-shi'),(5,'Dzagam'),(6,'San Martín'),(7,'Kaduengang'),(8,'Qingquan'),(9,'Korop'),(10,'Hausjärvi'),(11,'Ibung'),(12,'Yacimiento Río Turbio'),(13,'Taibai'),(14,'Patpata Segundo'),(15,'Bagaces'),(16,'Höganäs'),(17,'Curpahuasi'),(18,'Cikeusal'),(19,'Kuiyong'),(20,'Ngori'),(21,'Gangou'),(22,'Xindian'),(23,'Manogay'),(24,'Tivat'),(25,'Providencia'),(26,'Usab'),(27,'Pingtian'),(28,'Gangkou'),(29,'Penengahan'),(30,'Mikumi'),(31,'Toufang'),(32,'Ayna'),(33,'Qalqilyah'),(34,'Karasgede'),(35,'Kraaifontein'),(36,'Krasne'),(37,'Dvin'),(38,'Ujazd'),(39,'Tualangcut'),(40,'Tengqiao'),(41,'Pingdingbu'),(42,'Nadezhda'),(43,'Caicedonia'),(44,'Piskavica'),(45,'Mooka'),(46,'La Peña'),(47,'Las Flores'),(48,'Armstrong'),(49,'Douz'),(50,'Santo Rosario');
/*!40000 ALTER TABLE `cidade` ENABLE KEYS */;
UNLOCK TABLES;

--
-- Table structure for table `cliente`
--

DROP TABLE IF EXISTS `cliente`;
/*!40101 SET @saved_cs_client     = @@character_set_client */;
/*!50503 SET character_set_client = utf8mb4 */;
CREATE TABLE `cliente` (
  `Cliente_ID` int NOT NULL,
  `Nome` varchar(100) NOT NULL,
  `Sobrenome` varchar(100) NOT NULL,
  `CPF` char(11) DEFAULT NULL,
  PRIMARY KEY (`Cliente_ID`)
) ENGINE=InnoDB DEFAULT CHARSET=utf8mb4 COLLATE=utf8mb4_0900_ai_ci;
/*!40101 SET character_set_client = @saved_cs_client */;

--
-- Dumping data for table `cliente`
--

LOCK TABLES `cliente` WRITE;
/*!40000 ALTER TABLE `cliente` DISABLE KEYS */;
INSERT INTO `cliente` VALUES (1,'Gav','Grimm','49486126125'),(2,'Fran','Gillino','12023294157'),(3,'Rosemarie','Grellier','64494186909'),(4,'Irita','Bohler','09671475624'),(5,'Sayer','Barlas','39578696737'),(6,'Gayler','Gieraths','31250466902'),(7,'Lucienne','Cubuzzi','16964961464'),(8,'Buddy','Davidwitz','82556603683'),(9,'Sauveur','Berntssen','16748014735'),(10,'Emmet','Muston','53157929095'),(11,'Darn','Glanester','03719980013'),(12,'Pepillo','Busson','17155963600'),(13,'Janie','Regnard','65590553446'),(14,'Dorothee','Fleetham','84724904959'),(15,'Ewan','Beran','56433174029'),(16,'Thekla','Cancott','48451310229'),(17,'Bidget','Rackstraw','64248381597'),(18,'Billy','L\'Hommeau','51756291597'),(19,'Dyan','Andrusyak','65249600330'),(20,'Kati','Edsall','26683660155'),(21,'Cammy','Stubbings','44560362543'),(22,'Nickie','Beddingham','19167177960'),(23,'Alexi','Eilers','49787151303'),(24,'Malissa','Filyushkin','45058706760'),(25,'Conrado','Surman','70260038606'),(26,'Jaime','Morten','34911382635'),(27,'Jude','Loney','31566318330'),(28,'Lianna','Caw','65564517126'),(29,'Verla','Convery','04788907177'),(30,'Ayn','Dikels','02155283237'),(31,'Estevan','Autie','11410868750'),(32,'Tallie','Haggus','78641648615'),(33,'Millie','Bruyntjes','22539056490'),(34,'Mortimer','Cockerton','92726773677'),(35,'Beltran','Bortoloni','80320528131'),(36,'Brander','Garvie','83653134681'),(37,'Nico','Pendred','04172862578'),(38,'Robinetta','Milbourne','92109284317'),(39,'Jonah','Collick','16544508288'),(40,'Gustavus','Courtois','04755072066'),(41,'Jodi','Snozzwell','41647805942'),(42,'Hanson','Baroche','48870017039'),(43,'Jacynth','Wildblood','21060077268'),(44,'Libby','Oldroyde','48181540654'),(45,'Stanley','Hairsnape','51220648999'),(46,'Sharron','McCunn','15750530463'),(47,'Olwen','Behagg','73520739174'),(48,'Eugenie','Hartrick','23798156302'),(49,'Eunice','Jobern','57237491984'),(50,'Charyl','Edgeler','06604331343'),(51,'Lauree','Glencrosche','07033015625'),(52,'Zebadiah','Killick','36054682237'),(53,'Ernesta','Clemintoni','95887082761'),(54,'Riccardo','Frantsev','47101567958'),(55,'Odelinda','Brind','63349036879'),(56,'Dulcie','Avramchik','36499195314'),(57,'Humfried','Artin','88976378334'),(58,'Carlee','Kwietek','92021131445'),(59,'Silas','Steinson','58708685264'),(60,'Anthia','Aish','76694298717'),(61,'Kip','Delbergue','58017221368'),(62,'Alice','Janu','05253926657'),(63,'Cathe','Mueller','27684571792'),(64,'Jeana','Barense','94426130005'),(65,'Araldo','Ilyinski','05482823419'),(66,'Elwyn','Caslett','06821481214'),(67,'Eleanora','Thicking','51254147777'),(68,'Courtnay','Duggary','65158403729'),(69,'Peg','Matyas','16705674879'),(70,'Joane','De la Harpe','18243909063'),(71,'Millisent','Mussilli','52127199151'),(72,'Bernardo','Pickle','88850828427'),(73,'Yardley','Pidgley','17762726493'),(74,'Rodie','Hammond','90735618615'),(75,'Adda','Luckwell','21912206940'),(76,'Creighton','Donnell','51556167759'),(77,'Deeann','Cockin','70365259494'),(78,'Brandy','O\'Longain','14964201396'),(79,'Lorrie','Gonzalo','70055730230'),(80,'Hayley','Rosenbush','88366328279'),(81,'Alia','Hemstead','91537920531'),(82,'Pasquale','Bettanay','15859589091'),(83,'Judye','Braffington','02613773935'),(84,'Daffie','Ranns','06523960717'),(85,'Sonny','Rodwell','87156524570'),(86,'Lissie','Ferrarotti','24503608645'),(87,'Travers','Cassedy','22952053842'),(88,'Munmro','Muselli','77258248574'),(89,'Keelia','Hoble','09967276478'),(90,'Berry','Bertelsen','10782532144'),(91,'Marcille','Frayn','71855268430'),(92,'Quentin','Passman','50112383786'),(93,'Rene','Mohun','23231525180'),(94,'Julie','Connealy','64768299031'),(95,'Alexina','Elsegood','73332171790'),(96,'Hunter','Alexsandrovich','43227259755'),(97,'Charlean','Le Moucheux','85197498972'),(98,'Buddie','Simic','75877333689'),(99,'Beitris','Gadd','30966239147'),(100,'Christen','Pepi','83367929784'),(101,'Ebony','Waind','24940010938'),(102,'Aurore','Dethloff','31987567015'),(103,'Paloma','Revan','89454342750'),(104,'Zelda','Widdicombe','67957802177'),(105,'Bonnee','Poutress','98830744840'),(106,'Averil','Agutter','61618438367'),(107,'Raff','Hannaby','57837636407'),(108,'Brig','Mapholm','35726847879'),(109,'Avis','Rizzi','42494585255'),(110,'Florenza','Dunstone','78927212719'),(111,'Clem','Lamswood','83431336150'),(112,'Lynnelle','Peealess','45012841268'),(113,'Lizbeth','Cansdill','09439806441'),(114,'Gayleen','Barbrick','40308071011'),(115,'Nedda','Cassidy','71369723041'),(116,'Anton','Zanitti','57434594402'),(117,'Allianora','Varfolomeev','17553612038'),(118,'Abrahan','Worms','18837524647'),(119,'Vin','Iglesias','92814465380'),(120,'Clarette','Maling','06409252661'),(121,'Rosco','Klaes','45439082267'),(122,'Valentine','Balogun','86759404781'),(123,'Susanna','Monkeman','55682434112'),(124,'Joellyn','Sparsholt','92249181373'),(125,'Brana','Haddrell','46133124982'),(126,'Zorah','Cantos','57840000524'),(127,'Jacky','D\'Orsay','01701899571'),(128,'Fifine','Corgenvin','96496195859'),(129,'Zilvia','Vickerman','72296764891'),(130,'Tresa','Antyukhin','83744685408'),(131,'Minnie','Rawdales','08144053790'),(132,'Brade','Aronovitz','78328674322'),(133,'Chan','Alexandersen','57132077330'),(134,'Rachelle','Rayner','82818304722'),(135,'Chloris','Cotgrave','51703665865'),(136,'Winfred','Di Pietro','30106010589'),(137,'Jeanna','Marrian','57473390912'),(138,'Guillemette','Streatfeild','30850450720'),(139,'Katrine','Hutcheson','85211732606'),(140,'Quill','Posten','77899227385'),(141,'Aube','Bewfield','82556577470'),(142,'Pietra','Goddman','24926366460'),(143,'Kendal','Kornilyev','89560184389'),(144,'Fernanda','Creeboe','35669303027'),(145,'Hilton','Brundale','44307829772'),(146,'Carolyne','MacDowall','61740726746'),(147,'Lewes','Burnell','95630305762'),(148,'Kaile','Gottschalk','49288838500'),(149,'Karyn','Kubalek','39147841004'),(150,'Leigh','Corby','42121589974');
/*!40000 ALTER TABLE `cliente` ENABLE KEYS */;
UNLOCK TABLES;

--
-- Table structure for table `email`
--

DROP TABLE IF EXISTS `email`;
/*!40101 SET @saved_cs_client     = @@character_set_client */;
/*!50503 SET character_set_client = utf8mb4 */;
CREATE TABLE `email` (
  `Email_ID` int NOT NULL,
  `Email` varchar(200) NOT NULL,
  `Cliente_ID` int DEFAULT NULL,
  PRIMARY KEY (`Email_ID`),
  KEY `FK__Email__Cliente_I__787EE5A0` (`Cliente_ID`),
  CONSTRAINT `FK__Email__Cliente_I__571DF1D5` FOREIGN KEY (`Cliente_ID`) REFERENCES `cliente` (`Cliente_ID`),
  CONSTRAINT `FK__Email__Cliente_I__787EE5A0` FOREIGN KEY (`Cliente_ID`) REFERENCES `cliente` (`Cliente_ID`)
) ENGINE=InnoDB DEFAULT CHARSET=utf8mb4 COLLATE=utf8mb4_0900_ai_ci;
/*!40101 SET character_set_client = @saved_cs_client */;

--
-- Dumping data for table `email`
--

LOCK TABLES `email` WRITE;
/*!40000 ALTER TABLE `email` DISABLE KEYS */;
INSERT INTO `email` VALUES (1,'amccluney0@github.com',1),(2,'lstarmore1@w3.org',2),(3,'lfries2@unc.edu',3),(4,'alovitt3@techcrunch.com',4),(5,'nruegg4@dropbox.com',5),(6,'nshotton5@alibaba.com',6),(7,'gsykes6@angelfire.com',7),(8,'akittel7@hibu.com',8),(9,'mmatys8@house.gov',9),(10,'mforker9@bravesites.com',10),(11,'lduesberrya@tuttocitta.it',11),(12,'ipidcockb@state.tx.us',12),(13,'dmaccauleyc@hc360.com',13),(14,'mmitchelsond@1688.com',14),(15,'cflannerye@whitehouse.gov',15),(16,'cshobrookf@google.com.au',16),(17,'rrogierg@hugedomains.com',17),(18,'piannettih@wix.com',18),(19,'promeii@imageshack.us',19),(20,'rmocharj@guardian.co.uk',20),(21,'lwyldk@craigslist.org',21),(22,'lstandishl@ucsd.edu',22),(23,'scandishm@hc360.com',23),(24,'ebathowen@domainmarket.com',24),(25,'lbenediteo@tumblr.com',25),(26,'dcronkp@gravatar.com',26),(27,'tthalmannq@soup.io',27),(28,'bwhileyr@ebay.co.uk',28),(29,'bsanbrokes@princeton.edu',29),(30,'kpickt@instagram.com',30),(31,'svenusu@netlog.com',31),(32,'mmclanaghanv@google.com.br',32),(33,'cbranscombew@pcworld.com',33),(34,'rmerrywetherx@wsj.com',34),(35,'cfreschiy@earthlink.net',35),(36,'bcoucherz@php.net',36),(37,'dramsbottom10@yahoo.com',37),(38,'hdongate11@europa.eu',38),(39,'edelwater12@epa.gov',39),(40,'cstachini13@hao123.com',40),(41,'shazleton14@craigslist.org',41),(42,'scoddrington15@sciencedirect.com',42),(43,'mgonning16@earthlink.net',43),(44,'dcock17@icio.us',44),(45,'gplastow18@reverbnation.com',45),(46,'aciotto19@sphinn.com',46),(47,'dplenty1a@jugem.jp',47),(48,'amilthorpe1b@goodreads.com',48),(49,'askydall1c@wiley.com',49),(50,'fwahlberg1d@hud.gov',50),(51,'lkenealy1e@studiopress.com',51),(52,'dfancott1f@over-blog.com',52),(53,'swarret1g@hc360.com',53),(54,'ccoatsworth1h@booking.com',54),(55,'kspellicy1i@ted.com',55),(56,'jdumpleton1j@altervista.org',56),(57,'amilsap1k@usa.gov',57),(58,'cdeeves1l@rediff.com',58),(59,'cbreakey1m@mozilla.org',59),(60,'pduggen1n@tiny.cc',60),(61,'msummerhayes1o@tripadvisor.com',61),(62,'cmattack1p@wikipedia.org',62),(63,'kkyneton1q@nyu.edu',63),(64,'fthackham1r@newsvine.com',64),(65,'cjeanet1s@cafepress.com',65),(66,'aquade1t@cdbaby.com',66),(67,'smacy1u@booking.com',67),(68,'ewindram1v@csmonitor.com',68),(69,'kcowpertwait1w@statcounter.com',69),(70,'clohan1x@weebly.com',70),(71,'mhebditch1y@hp.com',71),(72,'akalderon1z@cpanel.net',72),(73,'thanhardt20@alibaba.com',73),(74,'pvergine21@skyrock.com',74),(75,'divachyov22@nba.com',75),(76,'acuffley23@angelfire.com',76),(77,'bgorges24@wordpress.org',77),(78,'omatteacci25@mysql.com',78),(79,'jpicford26@tuttocitta.it',79),(80,'avasishchev27@discovery.com',80),(81,'saronstam28@cbslocal.com',81),(82,'wmaclise29@goo.ne.jp',82),(83,'otamburo2a@bigcartel.com',83),(84,'cmenego2b@yolasite.com',84),(85,'rgurrado2c@imdb.com',85),(86,'mgilgryst2d@reference.com',86),(87,'cprimo2e@slashdot.org',87),(88,'cgoodday2f@earthlink.net',88),(89,'jcroker2g@163.com',89),(90,'bcare2h@clickbank.net',90),(91,'amaciunas2i@princeton.edu',91),(92,'cmaccartan2j@nsw.gov.au',92),(93,'dhincks2k@techcrunch.com',93),(94,'krichardsson2l@ft.com',94),(95,'hgwillim2m@vinaora.com',95),(96,'csaylor2n@soundcloud.com',96),(97,'bstapele2o@mozilla.org',97),(98,'qboner2p@forbes.com',98),(99,'mtuxsell2q@meetup.com',99),(100,'mdenley2r@vistaprint.com',100),(101,'kthon2s@hao123.com',101),(102,'asteward2t@networkadvertising.org',102),(103,'jmaccague2u@timesonline.co.uk',103),(104,'rmccrea2v@360.cn',104),(105,'cvahey2w@cyberchimps.com',105),(106,'chorbart2x@feedburner.com',106),(107,'lloxton2y@miitbeian.gov.cn',107),(108,'battride2z@thetimes.co.uk',108),(109,'cstryde30@economist.com',109),(110,'mcheyenne31@domainmarket.com',110),(111,'mcartwight32@goodreads.com',111),(112,'jmerdew33@hud.gov',112),(113,'pwillerton34@hubpages.com',113),(114,'afaivre35@acquirethisname.com',114),(115,'rhalleday36@posterous.com',115),(116,'jvalente37@google.com',116),(117,'aelstub38@bigcartel.com',117),(118,'hjosephov39@cloudflare.com',118),(119,'bcorkan3a@webs.com',119),(120,'sleyes3b@cmu.edu',120),(121,'cgrigson3c@prnewswire.com',121),(122,'hough3d@dot.gov',122),(123,'dcharkham3e@amazon.de',123),(124,'swisniowski3f@mediafire.com',124),(125,'mhek3g@examiner.com',125),(126,'apithie3h@geocities.com',126),(127,'scroll3i@msn.com',127),(128,'pcomrie3j@fotki.com',128),(129,'dtakos3k@instagram.com',129),(130,'gburkill3l@yellowbook.com',130),(131,'abissell3m@uiuc.edu',131),(132,'acolley3n@cornell.edu',132),(133,'eminall3o@samsung.com',133),(134,'nstonham3p@tumblr.com',134),(135,'moreilly3q@dmoz.org',135),(136,'tshields3r@guardian.co.uk',136),(137,'cturk3s@europa.eu',137),(138,'iphilpots3t@slashdot.org',138),(139,'kgersam3u@wikipedia.org',139),(140,'hbentall3v@arizona.edu',140),(141,'mwoller3w@google.com.hk',141),(142,'pdover3x@ibm.com',142),(143,'kdankersley3y@deviantart.com',143),(144,'olangmead3z@eepurl.com',144),(145,'bmeadows40@hao123.com',145),(146,'jmatthiesen41@google.ca',146),(147,'ttussaine42@squidoo.com',147),(148,'mmccorry43@wiley.com',148),(149,'jpischel44@livejournal.com',149),(150,'glearie45@typepad.com',150);
/*!40000 ALTER TABLE `email` ENABLE KEYS */;
UNLOCK TABLES;

--
-- Table structure for table `endereco_cliente`
--

DROP TABLE IF EXISTS `endereco_cliente`;
/*!40101 SET @saved_cs_client     = @@character_set_client */;
/*!50503 SET character_set_client = utf8mb4 */;
CREATE TABLE `endereco_cliente` (
  `Endereco_Cliente_ID` int NOT NULL,
  `Rua` varchar(100) NOT NULL,
  `Numero` int NOT NULL,
  `Bairro` varchar(100) NOT NULL,
  `CEP` char(8) NOT NULL,
  `Cidade_ID` int DEFAULT NULL,
  `Cliente_ID` int DEFAULT NULL,
  PRIMARY KEY (`Endereco_Cliente_ID`),
  KEY `FK__Endereco___Cidad__797309D9` (`Cidade_ID`),
  KEY `FK__Endereco___Clien__7A672E12` (`Cliente_ID`),
  CONSTRAINT `FK__Endereco___Cidad__3A81B327` FOREIGN KEY (`Cidade_ID`) REFERENCES `cidade` (`Cidade_ID`),
  CONSTRAINT `FK__Endereco___Cidad__797309D9` FOREIGN KEY (`Cidade_ID`) REFERENCES `cidade` (`Cidade_ID`),
  CONSTRAINT `FK__Endereco___Clien__3B75D760` FOREIGN KEY (`Cliente_ID`) REFERENCES `cliente` (`Cliente_ID`),
  CONSTRAINT `FK__Endereco___Clien__7A672E12` FOREIGN KEY (`Cliente_ID`) REFERENCES `cliente` (`Cliente_ID`)
) ENGINE=InnoDB DEFAULT CHARSET=utf8mb4 COLLATE=utf8mb4_0900_ai_ci;
/*!40101 SET character_set_client = @saved_cs_client */;

--
-- Dumping data for table `endereco_cliente`
--

LOCK TABLES `endereco_cliente` WRITE;
/*!40000 ALTER TABLE `endereco_cliente` DISABLE KEYS */;
INSERT INTO `endereco_cliente` VALUES (1,'Rigney',2958,'Patagonia Mountain Leatherpetal','00871054',20,140),(2,'Pine View',2332,'Kauai Beggarticks','54077251',38,60),(3,'Anzinger',794,'Swamp Azalea','32430674',9,139),(4,'Corben',2906,'Green Bristlegrass','03470343',8,61),(5,'Oakridge',2232,'Shaggy Fleabane','22472295',49,136),(6,'Hallows',394,'North Fork Heartleaf','60374129',25,16),(7,'Mariners Cove',2100,'Hydrangea','87775412',23,145),(8,'Chive',3319,'American Alpine Speedwell','81623511',1,102),(9,'Calypso',3313,'Forest Sandmat','41779549',45,7),(10,'Westport',507,'Rinodina Lichen','30511401',17,37),(11,'Messerschmidt',1586,'Kentucky Bluegrass','20967903',1,128),(12,'Logan',2043,'Large-flower Hop Clover','79372287',16,36),(13,'Anderson',1923,'Smallflower Baby Blue Eyes','95699493',12,82),(14,'Darwin',2348,'Sierra De Cayey Stopper','60732104',3,35),(15,'Lien',3139,'Orthothecium Moss','29859540',45,104),(16,'Mendota',2955,'Hybrid Plum','40692793',35,130),(17,'Knutson',3443,'Calcareous Cryptantha','66936827',46,54),(18,'Shopko',1140,'Leafless Beaked Lady Orchid','39172831',38,72),(19,'Hayes',3074,'Haller\'s Bartramia Moss','00376908',17,104),(20,'La Follette',1044,'Cushion Daisy','49080008',21,64),(21,'Forest Run',3680,'Greater Fringed Gentian','91137345',16,59),(22,'Northport',1092,'Canoparmelia Lichen','10003510',4,98),(23,'Esker',2808,'Manchineel','90040169',43,33),(24,'Ridge Oak',256,'Hybrid Violet','27107566',42,60),(25,'Summer Ridge',1746,'Hybrid Oak','81136428',6,137),(26,'Ludington',1013,'Hoary Ragwort','70491513',23,143),(27,'Beilfuss',2119,'Central Idaho Penstemon','98710666',27,17),(28,'Lighthouse Bay',2432,'Cojite Blanco','08944135',32,150),(29,'Prairie Rose',3527,'Waioiani Clermontia','54454384',39,90),(30,'Green',804,'Kaffir Lily','17452237',35,41),(31,'Summer Ridge',1160,'Deergrass','87623864',1,24),(32,'Hayes',3586,'Weissia Moss','01735997',34,125),(33,'Valley Edge',1408,'Fringed Phacelia','54355301',8,85),(34,'Green',163,'Northern Ryegrass','64088347',38,73),(35,'Kensington',880,'False Lily Of The Valley','22343453',5,95),(36,'Express',383,'Clamshell Orchid','07021976',11,45),(37,'Thompson',3702,'Feay\'s Prairie Clover','54001543',13,42),(38,'Reindahl',3128,'Carbonea Lichen','78894726',25,75),(39,'Merry',2200,'Rush Quillwort','92535143',21,33),(40,'Comanche',3147,'Hairgrass','75031023',43,76),(41,'Mosinee',3227,'Glandular Maiden Fern','71583213',41,49),(42,'Hollow Ridge',2436,'Kohlmeyera Lichen','91265093',46,47),(43,'Upham',1162,'Pineapple','30324444',37,110),(44,'Dakota',3554,'Island Gooseberry','59792435',25,121),(45,'Hudson',2279,'Gmelina','82935123',24,138),(46,'Havey',768,'Quince','45552481',1,140),(47,'Lake View',2917,'Carolina Wild Petunia','69290397',39,112),(48,'Barnett',3754,'Disc Lichen','96675505',41,24),(49,'Ilene',756,'False Beech Fern','91477447',29,27),(50,'International',3960,'Santa Clara Valley Liveforever','00463252',50,11),(51,'Algoma',1464,'Tortula Moss','64144805',40,137),(52,'Swallow',3259,'Superficial Map Lichen','63754324',47,100),(53,'Lakewood',3345,'Smooth Brome','21164499',2,26),(54,'Forest',3366,'Tansy Bristle Fern','56841492',27,104),(55,'Meadow Ridge',2785,'Cook\'s Triteleia','98227961',17,48),(56,'Towne',3731,'Chaya','41761347',10,49),(57,'Dorton',454,'Pholisma','26699513',2,15),(58,'Sunnyside',2535,'South American Saltbush','16448784',24,125),(59,'Knutson',3933,'Kauai Wild Coffee','11629094',12,15),(60,'Dexter',2153,'Dwarf Alpine Indian Paintbrush','08469837',17,25),(61,'Bellgrove',2426,'Green Needlegrass','26623197',42,110),(62,'Spenser',2193,'Yerba Porosa','42724230',44,66),(63,'Hermina',1325,'Desert Willow','47612855',33,68),(64,'Gulseth',2040,'Coast Plantain','14489963',1,115),(65,'Jenna',440,'Griffith\'s Cliostomum Lichen','89527136',41,98),(66,'Manley',119,'Common Hop','38303354',29,13),(67,'Maywood',1011,'Chisos Prairie Acacia','21281668',31,24),(68,'Buhler',1808,'New Mexico Rim Lichen','72673157',20,85),(69,'Tony',3753,'Brazilian Vervain','56432674',47,71),(70,'Calypso',1154,'Florida Hoarypea','67494800',5,46),(71,'Stuart',2884,'Spiny Caper','88793775',32,50),(72,'Arapahoe',3700,'Hybrid Oak','67862514',21,75),(73,'Scott',3939,'Late Snakeweed','42092763',35,11),(74,'Hoffman',1590,'Hybrid Oak','41633496',32,47),(75,'Hermina',3042,'Chaparral Beargrass','43417961',5,21),(76,'Reinke',187,'Flynn\'s Pritchardia','64093932',31,3),(77,'Cascade',2731,'Pincushion Plant','10567770',37,63),(78,'Delaware',2679,'Spotted St. Johnswort','57127414',14,40),(79,'Cambridge',2492,'Treasure-flower','23258470',20,14),(80,'Memorial',2468,'Garrett\'s Bladderpod','89607775',1,129),(81,'Brentwood',3303,'Western Blue Virginsbower','01073676',8,125),(82,'Londonderry',3098,'Strumpfia','35958734',43,23),(83,'New Castle',1829,'Arizona Blanketflower','03363164',44,87),(84,'Burrows',1379,'Jesuit\'s Bark','52469673',15,54),(85,'Quincy',238,'Queen Palm','04960578',3,74),(86,'Emmet',2341,'Paiute Suncup','73509114',42,83),(87,'Crownhardt',3536,'Silver Tussock','56840992',16,75),(88,'Hanover',913,'Elizabeth\'s Milkvetch','29181063',39,3),(89,'Northfield',257,'Tufted Orchid','60331130',26,135),(90,'Aberg',3031,'Raceme Pussytoes','52718606',45,97),(91,'Burning Wood',1454,'Palau Horsfieldia','92476745',25,71),(92,'Nelson',86,'Pacific Pea','74847829',31,93),(93,'Laurel',1467,'Indian Rhubarb','66065560',11,78),(94,'Gina',545,'Lesser Yellow Lady\'s Slipper','23266436',18,19),(95,'Moose',1276,'Ives\' Phacelia','30243952',13,24),(96,'Birchwood',3725,'Moluccella','73117154',20,101),(97,'Hoffman',1062,'Dandelion','90931663',46,125),(98,'Oxford',2825,'Alexander Palm','81282225',23,65),(99,'Sunnyside',11,'Stinkwort','90914116',30,91),(100,'Badeau',1737,'Panhandle Meadowbeauty','41070841',24,93),(101,'Sunnyside',1945,'Stiffbranch Bird\'s Beak','29995972',23,37),(102,'Utah',1490,'Frosted Indian Paintbrush','28085831',2,24),(103,'Cody',864,'Kenya Clover','91252036',38,57),(104,'Oakridge',3185,'Orange Lichen','52811270',23,86),(105,'Forest Run',1403,'Padre\'s Shootingstar','86168363',28,40),(106,'Linden',2625,'Lake Tahoe Draba','10511668',4,4),(107,'Gina',3803,'Singapore Graveyard Flower','97468547',1,84),(108,'Continental',2259,'Slender Rose Gentian','27485635',23,143),(109,'Knutson',1059,'Desert Wolfberry','41255448',7,73),(110,'Atwood',1056,'Panicgrass','72541704',50,121),(111,'Morningstar',1030,'Guadalupe Ricegrass','47003111',33,33),(112,'Oakridge',2614,'Russet Hedgehog Cactus','51292100',42,60),(113,'Southridge',2913,'Chiricahua Mountain Stinkweed','87627180',2,62),(114,'Melvin',740,'Kudzu','42768050',37,119),(115,'Anniversary',2113,'Utah Alumroot','60350559',10,90),(116,'Burrows',1048,'Pillar False Gumweed','20191328',23,110),(117,'Little Fleur',2015,'Pore Lichen','43936038',36,136),(118,'Cherokee',3001,'Strangospora Lichen','78415722',11,112),(119,'Cordelia',2471,'Cumberland Pagoda-plant','50243251',10,134),(120,'Hanover',1725,'Stinking Roger','18372214',9,86),(121,'Barnett',3736,'Argentine Evening Primrose','41735098',43,24),(122,'Sloan',73,'Subterranean Indian Breadroot','78791801',25,126),(123,'Erie',777,'Walter\'s Sedge','65874083',23,6),(124,'Myrtle',2707,'Tweedy\'s Reedgrass','47239482',10,55),(125,'Dixon',1219,'Ivyleaf Morning-glory','13032474',48,100),(126,'Gulseth',1805,'Threeleaf Halberd Fern','57154822',24,57),(127,'Hoffman',581,'Milktree','59233520',16,3),(128,'Oak',251,'Bouquet Aster','88221055',24,76),(129,'Pleasure',1199,'Crevajosa','17956859',6,1),(130,'8th',1638,'Paiute Buckwheat','81408714',43,113),(131,'Daystar',1300,'Marlberry','59645548',8,64),(132,'Ryan',2255,'Cockspur Hawthorn','77841461',27,19),(133,'Mallard',3591,'Peltula Lichen','79150249',46,141),(134,'Menomonie',2068,'Pacific Brownish Sedge','46802590',34,19),(135,'Park Meadow',3442,'Spurry Buckwheat','75497123',38,55),(136,'Farmco',515,'Wild Radish','72916058',21,126),(137,'Meadow Valley',3294,'Gregg\'s Poreleaf','04789171',17,138),(138,'Carey',15,'Alpine Woodsia','28711169',9,2),(139,'Farmco',2082,'Brookfoam','83205615',19,102),(140,'Mariners Cove',1018,'San Clemente Island Bushmallow','35590213',44,4),(141,'Union',3508,'Hairy Evening Primrose','46044811',34,132),(142,'Mayer',2857,'Bluestem Yucca','05433658',43,46),(143,'Lakewood Gardens',3439,'Rooted Poppy','26478961',4,2),(144,'Oakridge',2169,'Shoalweed','43623726',50,24),(145,'North',1668,'Tumble Lovegrass','93876646',31,64),(146,'Mayfield',2665,'Blue Ridge Horsebalm','04282237',34,49),(147,'Fair Oaks',3465,'Cottonflower','12126800',30,4),(148,'Manley',662,'Oneflower Grama','46154635',36,147),(149,'Nova',560,'Giant Blue Iris','38697715',20,97),(150,'Judy',2275,'Threeflower Ticktrefoil','07228464',16,61),(151,'Pine View',3794,'Kohlmeyera Lichen','73487350',24,79),(152,'Sachs',2827,'Spoonleaf Peperomia','66788795',36,124),(153,'High Crossing',454,'Thompson\'s Indian Paintbrush','81968727',10,102),(154,'Packers',3969,'Largeleaf Jointweed','16547679',28,118),(155,'Anhalt',300,'Antilles Dwarf Polypody','90170099',18,25),(156,'Mendota',3380,'San Francisco Peaks Ragwort','23386422',15,40),(157,'8th',875,'Wart Lichen','19795614',32,45),(158,'Onsgard',1896,'Jone\'s Oxytrope','58441827',49,73),(159,'Lerdahl',1049,'Hartman\'s Dry Rock Moss','60155135',17,44),(160,'Mockingbird',3125,'Alpine Gentian','72242585',6,136),(161,'Debra',1581,'Streambank Cyanea','94015906',3,86),(162,'Daystar',326,'Climbing Nightshade','64219693',1,93),(163,'Haas',3624,'Welsh\'s Phacelia','79528906',11,45),(164,'Brown',2830,'Rosette Draba','84731500',34,65),(165,'Boyd',1939,'Rim Lichen','86163500',5,93),(166,'Stoughton',3533,'Spiny Treefern','23727861',4,44),(167,'Delladonna',3053,'Red Amaranth','27269503',16,122),(168,'Artisan',2709,'Meliosma','16263273',29,102),(169,'Waxwing',1481,'Woolly Locoweed','12710619',39,55),(170,'Spaight',2674,'Hybrid Violet','63370923',9,110),(171,'Eagan',3611,'Leafystem Orchid','15744947',19,132),(172,'Pearson',1928,'Cartilage Lichen','51569175',15,106),(173,'Toban',2548,'Nissenan Manzanita','32578059',18,40),(174,'Utah',143,'Subterranean Indian Breadroot','73735032',27,41),(175,'Paget',1449,'Jacobean Lily','97194001',12,80),(176,'Forest Dale',1598,'Butomus','95183078',47,42),(177,'Menomonie',2930,'Nevius\' Stonecrop','63563395',9,103),(178,'Mendota',3956,'Lewis\' Evening Primrose','29458161',47,104),(179,'Delladonna',3975,'Wright\'s Eryngo','43188350',41,142),(180,'Surrey',994,'Bouquet False Buttonweed','59200982',27,27),(181,'Buell',855,'Arctic Heim\'s Desmatodon Moss','17327896',46,81),(182,'Debs',1141,'Rockjasmine','60037279',35,20),(183,'Twin Pines',606,'Brewer Spruce','88223557',41,138),(184,'Atwood',247,'Whiteworm Lichen','05907749',28,35),(185,'Farwell',3821,'Purple Amole','60880666',32,125),(186,'Delaware',176,'Sweet Basil','80589430',30,43),(187,'Harbort',2538,'Perezia','29014678',19,110),(188,'Nova',1363,'Hybrid Locust','49808064',15,144),(189,'Cascade',1340,'Red Rock Poppy','22109831',10,132),(190,'Talisman',2052,'Hungarian Vetch','03202573',26,109),(191,'Rutledge',1047,'Pipsissewa','16798400',20,54),(192,'Manitowish',2735,'Lapland Rosebay','25003121',33,137),(193,'Quincy',1534,'Mesquite Mistletoe','18823128',14,77),(194,'Dwight',2708,'Acadia Dogwood','87755485',3,14),(195,'Stephen',1262,'Winter Creeper','19125221',47,70),(196,'Aberg',2930,'Manduro','37369522',3,68),(197,'Westend',2614,'Trinidad Milkvetch','74196451',23,141),(198,'Maple',2178,'Pterigynandrum Moss','60249492',44,16),(199,'Heath',3453,'Bolander\'s Lily','24620443',45,87),(200,'Sachs',602,'Japanese Lime','58992362',31,66);
/*!40000 ALTER TABLE `endereco_cliente` ENABLE KEYS */;
UNLOCK TABLES;

--
-- Table structure for table `endereco_fornecedor`
--

DROP TABLE IF EXISTS `endereco_fornecedor`;
/*!40101 SET @saved_cs_client     = @@character_set_client */;
/*!50503 SET character_set_client = utf8mb4 */;
CREATE TABLE `endereco_fornecedor` (
  `Endereco_Fornecedor_ID` int NOT NULL,
  `Rua` varchar(100) NOT NULL,
  `Numero` int NOT NULL,
  `Bairro` varchar(100) NOT NULL,
  `CEP` char(8) NOT NULL,
  `Cidade_ID` int DEFAULT NULL,
  `Fornecedor_ID` int DEFAULT NULL,
  PRIMARY KEY (`Endereco_Fornecedor_ID`),
  KEY `FK__Endereco___Cidad__7B5B524B` (`Cidade_ID`),
  KEY `FK__Endereco___Forne__7C4F7684` (`Fornecedor_ID`),
  CONSTRAINT `FK__Endereco___Cidad__403A8C7D` FOREIGN KEY (`Cidade_ID`) REFERENCES `cidade` (`Cidade_ID`),
  CONSTRAINT `FK__Endereco___Cidad__7B5B524B` FOREIGN KEY (`Cidade_ID`) REFERENCES `cidade` (`Cidade_ID`),
  CONSTRAINT `FK__Endereco___Forne__412EB0B6` FOREIGN KEY (`Fornecedor_ID`) REFERENCES `fornecedor` (`Fornecedor_ID`),
  CONSTRAINT `FK__Endereco___Forne__7C4F7684` FOREIGN KEY (`Fornecedor_ID`) REFERENCES `fornecedor` (`Fornecedor_ID`)
) ENGINE=InnoDB DEFAULT CHARSET=utf8mb4 COLLATE=utf8mb4_0900_ai_ci;
/*!40101 SET character_set_client = @saved_cs_client */;

--
-- Dumping data for table `endereco_fornecedor`
--

LOCK TABLES `endereco_fornecedor` WRITE;
/*!40000 ALTER TABLE `endereco_fornecedor` DISABLE KEYS */;
INSERT INTO `endereco_fornecedor` VALUES (1,'Homewood',1458,'Bush\'s Blackberry','19418109',41,1),(2,'Everett',2771,'Woollyleaf Manzanita','04182052',5,2),(3,'Dexter',584,'Greenstem Forsythia','64625193',6,3),(4,'Calypso',3167,'Golden Dock','64011393',10,4),(5,'Scofield',2739,'Sierra Bog Orchid','90484050',32,5),(6,'Reindahl',1647,'Twocrested Milkvetch','42755256',38,6),(7,'Hallows',2868,'Smallflower Horkelia','66905313',18,7),(8,'Acker',288,'Red Spiderling','16337078',4,8),(9,'Dixon',3352,'River Koko','82547555',8,9),(10,'Merry',408,'Cadaba','71692053',16,10),(11,'Northport',1422,'Cutleaf Blazingstar','95903465',48,11),(12,'Vermont',3965,'Kaibab Plateau Indian Paintbrush','46726463',10,12),(13,'Clarendon',3907,'Sugar Pine Dwarf Mistletoe','99249511',8,13),(14,'Golden Leaf',1775,'Fierce Spaniard','65911230',4,14),(15,'Morningstar',2841,'Hybrid Violet','03666146',9,15),(16,'Walton',1166,'Lichenothelia Lichen','42357359',44,16),(17,'Macpherson',2438,'Lousewort','81587072',40,17),(18,'7th',2828,'Saltmarsh Morning-glory','09201442',26,18),(19,'Barnett',1851,'Mint','99829903',9,19),(20,'Monument',2399,'Yellow Puff','40971593',2,20),(21,'Morning',3907,'Fewleaf Sunflower','09462372',15,21),(22,'Crescent Oaks',3814,'Scarlet Pimpernel','08334740',5,22),(23,'Northfield',1321,'Lindbergia Moss','58417492',5,23),(24,'Montana',3764,'Newberry\'s Milkvetch','23176936',46,24),(25,'Ohio',1473,'Princesplume','67280809',3,25);
/*!40000 ALTER TABLE `endereco_fornecedor` ENABLE KEYS */;
UNLOCK TABLES;

--
-- Table structure for table `estoque`
--

DROP TABLE IF EXISTS `estoque`;
/*!40101 SET @saved_cs_client     = @@character_set_client */;
/*!50503 SET character_set_client = utf8mb4 */;
CREATE TABLE `estoque` (
  `Estoque_ID` int NOT NULL,
  `Estoque_Disp` decimal(8,2) NOT NULL,
  `Ultima_Atualizacao` date NOT NULL,
  `Produto_ID` int DEFAULT NULL,
  PRIMARY KEY (`Estoque_ID`),
  KEY `FK__Estoque__Produto__7D439ABD` (`Produto_ID`),
  CONSTRAINT `FK__Estoque__Produto__5CD6CB2B` FOREIGN KEY (`Produto_ID`) REFERENCES `produto` (`Produto_ID`),
  CONSTRAINT `FK__Estoque__Produto__7D439ABD` FOREIGN KEY (`Produto_ID`) REFERENCES `produto` (`Produto_ID`)
) ENGINE=InnoDB DEFAULT CHARSET=utf8mb4 COLLATE=utf8mb4_0900_ai_ci;
/*!40101 SET character_set_client = @saved_cs_client */;

--
-- Dumping data for table `estoque`
--

LOCK TABLES `estoque` WRITE;
/*!40000 ALTER TABLE `estoque` DISABLE KEYS */;
INSERT INTO `estoque` VALUES (1,15.00,'2021-06-12',1),(2,124.00,'2021-08-24',2),(3,10.00,'2020-11-09',3),(4,109.00,'2021-06-05',4),(5,40.00,'2021-03-27',5),(6,83.00,'2020-10-13',6),(7,20.00,'2021-06-19',7),(8,10.00,'2021-05-20',8),(9,91.00,'2021-06-17',9),(10,76.00,'2021-07-18',10),(11,144.00,'2020-08-28',11),(12,97.00,'2020-09-02',12),(13,89.00,'2021-06-03',13),(14,61.00,'2020-11-12',14),(15,141.00,'2021-05-11',15),(16,117.00,'2020-12-27',16),(17,9.00,'2020-08-11',17),(18,42.00,'2020-11-27',18),(19,109.00,'2021-08-25',19),(20,70.00,'2020-08-07',20),(21,1.00,'2020-07-13',21),(22,76.00,'2020-08-03',22),(23,44.00,'2020-08-07',23),(24,148.00,'2021-08-03',24),(25,128.00,'2021-06-02',25),(26,4.00,'2021-07-10',26),(27,56.00,'2020-10-18',27),(28,92.00,'2021-07-19',28),(29,110.00,'2021-07-05',29),(30,104.00,'2020-10-15',30),(31,140.00,'2020-09-28',31),(32,59.00,'2020-07-12',32),(33,125.00,'2020-10-15',33),(34,126.00,'2020-07-15',34),(35,141.00,'2020-07-24',35),(36,79.00,'2021-02-16',36),(37,61.00,'2020-09-25',37),(38,48.00,'2021-05-18',38),(39,59.00,'2021-05-01',39),(40,41.00,'2021-05-16',40),(41,118.00,'2021-04-15',41),(42,25.00,'2021-01-20',42),(43,74.00,'2021-08-20',43),(44,43.00,'2020-11-26',44),(45,14.00,'2021-01-19',45),(46,82.00,'2021-03-08',46),(47,53.00,'2021-07-28',47),(48,116.00,'2020-07-14',48),(49,97.00,'2021-02-08',49),(50,60.00,'2020-09-29',50),(51,147.00,'2021-05-12',51),(52,57.00,'2020-12-27',52),(53,106.00,'2021-03-24',53),(54,51.00,'2021-08-15',54),(55,12.00,'2020-10-11',55),(56,111.00,'2021-05-08',56),(57,70.00,'2020-09-21',57),(58,120.00,'2021-09-14',58),(59,18.00,'2020-12-01',59),(60,131.00,'2020-09-07',60),(61,17.00,'2020-11-09',61),(62,43.00,'2020-08-29',62),(63,97.00,'2021-09-13',63),(64,88.00,'2020-10-11',64),(65,97.00,'2021-01-26',65),(66,111.00,'2021-06-03',66),(67,85.00,'2021-06-28',67),(68,115.00,'2021-08-14',68),(69,9.00,'2020-08-06',69),(70,96.00,'2021-09-07',70),(71,75.00,'2020-11-08',71),(72,61.00,'2020-09-21',72),(73,150.00,'2021-02-20',73),(74,150.00,'2020-10-23',74),(75,110.00,'2021-07-01',75),(76,5.00,'2020-10-24',76),(77,10.00,'2021-06-07',77),(78,15.00,'2021-08-15',78),(79,98.00,'2020-08-19',79),(80,29.00,'2021-06-05',80),(81,90.00,'2020-08-22',81),(82,36.00,'2020-12-10',82),(83,59.00,'2020-09-05',83),(84,142.00,'2021-04-10',84),(85,87.00,'2021-05-04',85),(86,114.00,'2021-04-24',86),(87,150.00,'2020-11-21',87),(88,61.00,'2021-03-28',88),(89,40.00,'2020-11-08',89),(90,41.00,'2021-08-19',90),(91,90.00,'2021-07-31',91),(92,90.00,'2021-06-01',92),(93,61.00,'2020-12-16',93),(94,51.00,'2020-07-24',94),(95,88.00,'2020-08-29',95),(96,112.00,'2021-05-12',96),(97,113.00,'2021-03-05',97),(98,41.00,'2020-11-07',98),(99,101.00,'2020-10-12',99),(100,30.00,'2021-08-17',100),(101,58.00,'2020-10-06',101),(102,144.00,'2020-12-18',102),(103,84.00,'2020-08-27',103),(104,21.00,'2021-04-04',104),(105,13.00,'2021-07-13',105),(106,52.00,'2020-11-09',106),(107,57.00,'2021-02-09',107),(108,106.00,'2021-07-31',108),(109,50.00,'2020-09-26',109),(110,49.00,'2021-04-11',110),(111,26.00,'2020-11-30',111),(112,87.00,'2021-03-18',112),(113,5.00,'2020-07-22',113),(114,140.00,'2020-07-16',114),(115,87.00,'2021-03-15',115),(116,110.00,'2021-05-12',116),(117,84.00,'2021-05-05',117),(118,74.00,'2020-11-30',118),(119,126.00,'2021-06-19',119),(120,148.00,'2021-07-28',120),(121,108.00,'2020-11-22',121),(122,41.00,'2020-12-19',122),(123,34.00,'2021-08-09',123),(124,109.00,'2021-05-25',124),(125,101.00,'2021-02-04',125),(126,38.00,'2021-04-07',126),(127,110.00,'2021-06-21',127),(128,106.00,'2020-12-11',128),(129,122.00,'2020-07-31',129),(130,145.00,'2021-01-25',130),(131,63.00,'2020-09-27',131),(132,93.00,'2021-06-15',132),(133,22.00,'2021-02-27',133),(134,13.00,'2020-09-03',134),(135,146.00,'2021-05-07',135),(136,56.00,'2021-06-06',136),(137,67.00,'2020-08-10',137),(138,23.00,'2020-12-30',138),(139,29.00,'2020-12-18',139),(140,45.00,'2020-12-02',140),(141,48.00,'2020-09-17',141),(142,74.00,'2020-11-03',142),(143,135.00,'2020-08-10',143),(144,98.00,'2021-08-08',144),(145,130.00,'2021-05-12',145),(146,139.00,'2021-01-14',146),(147,109.00,'2020-10-16',147),(148,82.00,'2021-03-30',148),(149,58.00,'2020-07-18',149),(150,131.00,'2020-11-10',150),(151,130.00,'2021-02-01',151),(152,120.00,'2021-05-05',152),(153,107.00,'2021-02-15',153),(154,111.00,'2021-03-13',154),(155,69.00,'2020-10-28',155),(156,148.00,'2021-06-23',156),(157,141.00,'2020-08-25',157),(158,29.00,'2021-04-26',158),(159,83.00,'2021-02-13',159),(160,57.00,'2020-09-01',160),(161,123.00,'2020-12-28',161),(162,110.00,'2021-07-16',162),(163,83.00,'2020-11-28',163),(164,42.00,'2021-01-11',164),(165,109.00,'2021-04-16',165),(166,32.00,'2021-02-25',166),(167,13.00,'2021-01-21',167),(168,118.00,'2020-08-02',168),(169,115.00,'2021-07-18',169),(170,68.00,'2020-08-07',170),(171,57.00,'2021-03-31',171),(172,73.00,'2020-08-08',172),(173,126.00,'2021-03-01',173),(174,100.00,'2021-06-30',174),(175,87.00,'2020-07-30',175),(176,63.00,'2020-11-08',176),(177,29.00,'2020-08-02',177),(178,127.00,'2021-02-21',178),(179,78.00,'2021-08-24',179),(180,142.00,'2021-08-01',180),(181,58.00,'2021-07-09',181),(182,135.00,'2021-02-06',182),(183,139.00,'2020-10-13',183),(184,107.00,'2020-08-13',184),(185,31.00,'2021-01-03',185),(186,13.00,'2021-07-07',186),(187,150.00,'2020-09-29',187),(188,77.00,'2021-06-24',188),(189,37.00,'2021-01-20',189),(190,83.00,'2021-09-11',190),(191,66.00,'2021-04-19',191),(192,60.00,'2020-08-11',192),(193,131.00,'2021-03-13',193),(194,135.00,'2021-08-02',194),(195,3.00,'2020-10-26',195),(196,80.00,'2021-09-10',196),(197,21.00,'2020-10-01',197),(198,76.00,'2020-07-13',198),(199,127.00,'2021-02-08',199),(200,99.00,'2020-10-07',200),(201,103.00,'2021-03-04',201),(202,21.00,'2020-08-03',202),(203,131.00,'2020-11-02',203),(204,121.00,'2020-12-04',204),(205,122.00,'2021-06-11',205),(206,96.00,'2021-04-25',206),(207,97.00,'2020-12-28',207),(208,104.00,'2020-10-05',208),(209,31.00,'2020-07-13',209),(210,119.00,'2020-07-24',210),(211,43.00,'2021-01-29',211),(212,75.00,'2021-09-08',212),(213,22.00,'2021-07-25',213),(214,49.00,'2021-04-28',214),(215,117.00,'2020-10-07',215),(216,74.00,'2020-12-06',216),(217,73.00,'2020-08-23',217),(218,150.00,'2021-03-29',218),(219,92.00,'2021-07-13',219),(220,147.00,'2020-10-21',220),(221,106.00,'2021-06-27',221),(222,14.00,'2021-01-28',222),(223,93.00,'2021-07-18',223),(224,20.00,'2020-08-23',224),(225,144.00,'2021-02-17',225),(226,16.00,'2021-06-25',226),(227,39.00,'2021-06-15',227),(228,127.00,'2020-08-04',228),(229,47.00,'2021-05-24',229),(230,106.00,'2021-01-25',230),(231,114.00,'2021-04-22',231),(232,122.00,'2021-06-03',232),(233,121.00,'2020-11-03',233),(234,53.00,'2020-08-25',234),(235,118.00,'2021-07-02',235),(236,74.00,'2021-01-10',236),(237,39.00,'2021-07-27',237),(238,107.00,'2021-01-18',238),(239,142.00,'2021-04-12',239),(240,24.00,'2020-09-20',240),(241,51.00,'2020-11-08',241),(242,30.00,'2021-04-21',242),(243,59.00,'2020-11-06',243),(244,19.00,'2020-07-27',244),(245,108.00,'2021-03-14',245),(246,123.00,'2020-07-15',246),(247,73.00,'2021-01-02',247),(248,96.00,'2021-08-02',248),(249,91.00,'2020-08-15',249),(250,15.00,'2021-07-17',250),(251,63.00,'2020-09-17',251),(252,29.00,'2021-08-16',252),(253,53.00,'2021-04-07',253),(254,150.00,'2020-10-08',254),(255,69.00,'2020-09-07',255),(256,139.00,'2020-12-23',256),(257,119.00,'2021-03-09',257),(258,131.00,'2021-08-23',258),(259,62.00,'2020-12-15',259),(260,7.00,'2021-02-13',260),(261,18.00,'2021-06-23',261),(262,17.00,'2020-09-18',262),(263,23.00,'2020-08-17',263),(264,93.00,'2021-08-23',264),(265,114.00,'2021-06-01',265),(266,145.00,'2021-06-05',266),(267,70.00,'2021-05-11',267),(268,7.00,'2020-08-18',268),(269,89.00,'2021-05-27',269),(270,6.00,'2021-06-05',270),(271,25.00,'2021-07-05',271),(272,34.00,'2021-07-05',272),(273,133.00,'2021-02-28',273),(274,63.00,'2021-04-22',274),(275,84.00,'2021-06-02',275),(276,75.00,'2020-11-16',276),(277,104.00,'2021-02-21',277),(278,80.00,'2021-06-30',278),(279,70.00,'2021-04-05',279),(280,111.00,'2021-08-23',280),(281,82.00,'2021-03-27',281),(282,119.00,'2020-08-08',282),(283,87.00,'2021-04-23',283),(284,107.00,'2020-09-26',284),(285,87.00,'2020-12-22',285),(286,33.00,'2021-01-04',286),(287,11.00,'2021-09-09',287),(288,98.00,'2021-08-09',288),(289,83.00,'2021-06-19',289),(290,17.00,'2020-07-27',290),(291,142.00,'2021-04-15',291),(292,132.00,'2021-07-24',292),(293,92.00,'2020-09-11',293),(294,31.00,'2021-06-03',294),(295,3.00,'2020-08-09',295),(296,93.00,'2021-03-17',296),(297,11.00,'2021-06-21',297),(298,38.00,'2021-04-09',298),(299,135.00,'2021-07-09',299),(300,54.00,'2020-12-29',300);
/*!40000 ALTER TABLE `estoque` ENABLE KEYS */;
UNLOCK TABLES;

--
-- Table structure for table `fornecedor`
--

DROP TABLE IF EXISTS `fornecedor`;
/*!40101 SET @saved_cs_client     = @@character_set_client */;
/*!50503 SET character_set_client = utf8mb4 */;
CREATE TABLE `fornecedor` (
  `Fornecedor_ID` int NOT NULL,
  `Nome` varchar(100) NOT NULL,
  PRIMARY KEY (`Fornecedor_ID`)
) ENGINE=InnoDB DEFAULT CHARSET=utf8mb4 COLLATE=utf8mb4_0900_ai_ci;
/*!40101 SET character_set_client = @saved_cs_client */;

--
-- Dumping data for table `fornecedor`
--

LOCK TABLES `fornecedor` WRITE;
/*!40000 ALTER TABLE `fornecedor` DISABLE KEYS */;
INSERT INTO `fornecedor` VALUES (1,'Aclaris Therapeutics, Inc.'),(2,'Hebron Technology Co., Ltd.'),(3,'Alliance Resource Partners, L.P.'),(4,'Hub Group, Inc.'),(5,'Teck Resources Ltd'),(6,'Carver Bancorp, Inc.'),(7,'First Savings Financial Group, Inc.'),(8,'Sun Life Financial Inc.'),(9,'LegacyTexas Financial Group, Inc.'),(10,'Ashford Hospitality Trust Inc'),(11,'Vodafone Group Plc'),(12,'Bank Mutual Corporation'),(13,'PowerShares DWA Healthcare Momentum Portfolio'),(14,'Lifetime Brands, Inc.'),(15,'Overseas Shipholding Group, Inc.'),(16,'National Bank Holdings Corporation'),(17,'Microsemi Corporation'),(18,'Standard Motor Products, Inc.'),(19,'ProShares UltraShort Nasdaq Biotechnology'),(20,'Rambus, Inc.'),(21,'Surmodics, Inc.'),(22,'SITO Mobile, Ltd.'),(23,'DASAN Zhone Solutions, Inc.'),(24,'Cerulean Pharma Inc.'),(25,'Cal-Maine Foods, Inc.');
/*!40000 ALTER TABLE `fornecedor` ENABLE KEYS */;
UNLOCK TABLES;

--
-- Table structure for table `produto`
--

DROP TABLE IF EXISTS `produto`;
/*!40101 SET @saved_cs_client     = @@character_set_client */;
/*!50503 SET character_set_client = utf8mb4 */;
CREATE TABLE `produto` (
  `Produto_ID` int NOT NULL,
  `Nome` varchar(100) NOT NULL,
  `Marca` varchar(100) NOT NULL,
  `Custo` decimal(8,2) NOT NULL,
  `Preco` decimal(8,2) NOT NULL,
  `Tipo_Produto_ID` int DEFAULT NULL,
  `Fornecedor_ID` int DEFAULT NULL,
  PRIMARY KEY (`Produto_ID`),
  KEY `FK__Produto__Fornece__7E37BEF6` (`Fornecedor_ID`),
  KEY `FK__Produto__Tipo_Pr__7F2BE32F` (`Tipo_Produto_ID`),
  CONSTRAINT `FK__Produto__Fornece__5441852A` FOREIGN KEY (`Fornecedor_ID`) REFERENCES `fornecedor` (`Fornecedor_ID`),
  CONSTRAINT `FK__Produto__Fornece__7E37BEF6` FOREIGN KEY (`Fornecedor_ID`) REFERENCES `fornecedor` (`Fornecedor_ID`),
  CONSTRAINT `FK__Produto__Tipo_Pr__45F365D3` FOREIGN KEY (`Tipo_Produto_ID`) REFERENCES `tipo_produto` (`Tipo_Produto_ID`),
  CONSTRAINT `FK__Produto__Tipo_Pr__7F2BE32F` FOREIGN KEY (`Tipo_Produto_ID`) REFERENCES `tipo_produto` (`Tipo_Produto_ID`)
) ENGINE=InnoDB DEFAULT CHARSET=utf8mb4 COLLATE=utf8mb4_0900_ai_ci;
/*!40101 SET character_set_client = @saved_cs_client */;

--
-- Dumping data for table `produto`
--

LOCK TABLES `produto` WRITE;
/*!40000 ALTER TABLE `produto` DISABLE KEYS */;
INSERT INTO `produto` VALUES (1,'Daltfresh','Keeling-Stanton',66.94,127.00,7,16),(2,'Overhold','Connelly-Marks',61.93,184.00,8,9),(3,'Temp','Fay, Bruen and Johnson',63.13,145.00,8,12),(4,'Rank','Schulist, Gulgowski and Leuschke',87.12,127.00,4,3),(5,'Lotlux','Bashirian, Schmeler and Nader',57.45,139.00,3,23),(6,'Matsoft','Botsford-Schamberger',70.24,121.00,13,12),(7,'Gembucket','Wiegand-Kuvalis',53.53,180.00,6,16),(8,'Andalax','Boehm LLC',71.49,169.00,9,5),(9,'Lotlux','Corkery, Terry and Anderson',67.11,180.00,6,24),(10,'Tresom','Harvey, Botsford and Mohr',94.12,139.00,8,16),(11,'Mat Lam Tam','Windler Group',75.44,157.00,11,9),(12,'Asoka','Jacobs-Crooks',82.52,193.00,5,1),(13,'Prodder','Emard, Ferry and Buckridge',81.79,101.00,2,19),(14,'Voyatouch','Bauch, Flatley and Wyman',62.76,109.00,2,9),(15,'Job','Welch-Rau',69.25,110.00,11,4),(16,'Gembucket','Flatley and Sons',96.90,164.00,3,19),(17,'Alpha','Sanford Inc',64.89,200.00,2,5),(18,'Namfix','McCullough, Effertz and O\'Keefe',83.50,142.00,10,15),(19,'Rank','Muller-Orn',70.46,168.00,1,18),(20,'Matsoft','McDermott, Dickinson and Simonis',90.13,193.00,11,23),(21,'Bigtax','Braun, Prohaska and Wyman',50.72,173.00,12,19),(22,'Matsoft','Senger-Reinger',67.81,172.00,6,17),(23,'Mat Lam Tam','McClure, Welch and Huel',51.11,160.00,3,14),(24,'Sub-Ex','Goldner-Tromp',67.42,107.00,7,7),(25,'Veribet','Grady, Prosacco and Nicolas',79.54,126.00,6,12),(26,'Zoolab','Green, Conroy and Schneider',61.90,132.00,7,20),(27,'Domainer','Bauch-Schuppe',50.92,102.00,1,18),(28,'Duobam','Sipes-Orn',97.86,184.00,4,1),(29,'Greenlam','Kshlerin Group',86.07,142.00,2,4),(30,'Pannier','Carroll LLC',87.57,109.00,6,6),(31,'Quo Lux','Windler, Hahn and Pfeffer',83.85,121.00,7,3),(32,'Voltsillam','Kovacek-Brakus',99.19,129.00,12,10),(33,'Cookley','Wyman, Dickinson and Romaguera',66.48,152.00,8,25),(34,'Flexidy','Cummerata Group',91.03,174.00,12,24),(35,'Pannier','Ruecker LLC',76.12,114.00,8,8),(36,'Viva','Kuphal and Sons',78.47,173.00,4,1),(37,'Stringtough','Stamm-Heidenreich',88.27,106.00,6,21),(38,'Quo Lux','Kovacek Group',89.59,147.00,10,9),(39,'Stronghold','Schoen-Jones',73.81,107.00,11,4),(40,'Y-Solowarm','Hegmann and Sons',95.97,148.00,3,16),(41,'Fixflex','Olson Group',58.23,134.00,10,20),(42,'Sonair','Moore, O\'Connell and Labadie',53.52,183.00,9,24),(43,'Prodder','Kris and Sons',83.24,153.00,13,21),(44,'Zamit','Howe-Keebler',51.75,188.00,2,2),(45,'Cardguard','Ritchie, Koch and Stroman',71.22,127.00,13,20),(46,'Zathin','McClure, Shanahan and Kertzmann',89.29,170.00,3,6),(47,'Greenlam','Schowalter LLC',75.53,134.00,10,16),(48,'Zamit','Hane-Nitzsche',65.11,194.00,4,6),(49,'Tempsoft','Kilback-Padberg',64.26,165.00,8,9),(50,'Tresom','Lockman-Cassin',65.35,188.00,10,11),(51,'Konklux','Johnston, Hackett and Fay',81.59,148.00,7,22),(52,'Toughjoyfax','Nolan Inc',85.66,124.00,7,23),(53,'Voyatouch','Langosh, Brown and Stracke',96.60,185.00,6,18),(54,'Konklux','Stracke, Rohan and Schmeler',84.53,173.00,6,5),(55,'Job','Hermiston Group',61.86,197.00,5,13),(56,'Aerified','Mayer LLC',67.42,164.00,3,7),(57,'Duobam','Abbott-Dare',51.49,190.00,13,18),(58,'Keylex','McKenzie and Sons',89.89,177.00,10,11),(59,'Prodder','Monahan-Langosh',74.56,139.00,7,22),(60,'Tin','Bartoletti, Runolfsdottir and Legros',58.98,186.00,7,25),(61,'Lotstring','Russel-Braun',87.65,165.00,4,11),(62,'Lotlux','Lehner, Jones and Kemmer',87.22,186.00,12,14),(63,'Alpha','Schoen Group',69.09,191.00,12,1),(64,'Konklux','Abshire-Pfannerstill',94.28,137.00,1,14),(65,'Daltfresh','Schmeler, Johnson and Mraz',81.46,187.00,8,23),(66,'Aerified','Schinner, Dicki and Larson',82.31,111.00,3,18),(67,'Aerified','Deckow and Sons',95.23,104.00,9,15),(68,'Opela','Carroll, Emmerich and Hauck',94.92,120.00,1,3),(69,'Zamit','Fritsch Group',91.26,184.00,2,9),(70,'Alpha','Hyatt, Lebsack and Doyle',73.16,102.00,6,7),(71,'Flowdesk','Jacobs-Breitenberg',89.92,197.00,5,2),(72,'Bitwolf','Kling, Hayes and Senger',53.13,160.00,13,6),(73,'Wrapsafe','Prosacco-Beer',86.89,173.00,1,10),(74,'Trippledex','Windler-Halvorson',76.84,102.00,7,20),(75,'Alpha','Schaefer-Bergnaum',72.27,172.00,4,19),(76,'Keylex','Blanda-Sauer',63.63,179.00,2,19),(77,'Cardguard','Veum, Labadie and Boyle',77.86,193.00,7,14),(78,'Aerified','Gerlach and Sons',64.44,185.00,3,1),(79,'Zontrax','Nolan-Conroy',65.76,172.00,13,9),(80,'Mat Lam Tam','Bergstrom LLC',77.21,186.00,2,8),(81,'Regrant','Willms-Green',98.28,122.00,13,4),(82,'Biodex','Jones-Farrell',55.85,197.00,10,6),(83,'Keylex','Jakubowski, Wunsch and Wilderman',57.00,130.00,13,8),(84,'Treeflex','Larkin and Sons',77.44,193.00,5,9),(85,'Zaam-Dox','Kemmer Group',66.55,142.00,6,20),(86,'Bitchip','Koch Inc',64.84,145.00,2,9),(87,'Domainer','Nader and Sons',99.12,138.00,13,6),(88,'Ventosanzap','Ortiz, Ebert and Considine',87.72,176.00,10,22),(89,'Otcom','Marvin-Flatley',99.17,190.00,8,9),(90,'Opela','Doyle Group',60.18,111.00,4,25),(91,'Daltfresh','Weissnat-Brown',62.17,196.00,1,6),(92,'Matsoft','Mante Group',85.37,134.00,7,15),(93,'Span','West-Goyette',63.46,128.00,10,3),(94,'Sub-Ex','Brekke-Monahan',83.87,112.00,3,23),(95,'Tin','Hettinger, Luettgen and Thompson',57.39,156.00,8,20),(96,'Trippledex','Toy, Hintz and Schuppe',95.12,115.00,4,8),(97,'Subin','Bergnaum, Balistreri and Kreiger',81.30,112.00,13,14),(98,'Veribet','Ziemann, Weber and Aufderhar',50.82,143.00,8,22),(99,'Bitchip','Marks and Sons',61.39,130.00,12,17),(100,'Subin','Kuphal, Batz and Jones',95.17,187.00,1,4),(101,'Pannier','Stroman LLC',69.46,178.00,10,15),(102,'Zathin','Leuschke-Klein',55.32,108.00,10,18),(103,'Job','Baumbach Group',69.69,168.00,13,11),(104,'Sonair','Boyle, Grant and Gorczany',51.76,189.00,11,14),(105,'Tresom','Connelly, Schamberger and Nolan',79.90,103.00,10,6),(106,'Flexidy','Erdman Inc',54.52,199.00,11,6),(107,'Cookley','Haley-Vandervort',53.29,123.00,5,21),(108,'Otcom','Satterfield and Sons',79.19,146.00,1,6),(109,'Viva','Hirthe Inc',65.63,136.00,9,17),(110,'Gembucket','Beahan, Vandervort and Schuster',67.88,188.00,9,21),(111,'Pannier','Murazik Inc',67.73,141.00,8,8),(112,'Pannier','Walter, Torphy and Kub',83.10,106.00,4,3),(113,'Vagram','Hand, Lebsack and Jacobson',93.67,110.00,11,18),(114,'Konklab','Spencer-Glover',70.38,120.00,7,25),(115,'Matsoft','Gislason, Shanahan and McLaughlin',77.88,179.00,7,2),(116,'Aerified','Bartell-Zieme',68.79,198.00,6,21),(117,'Gembucket','Mueller, Ryan and Cole',57.15,174.00,3,12),(118,'Biodex','Doyle and Sons',56.62,115.00,2,4),(119,'Asoka','Lynch, Hyatt and Luettgen',79.34,197.00,11,3),(120,'Konklux','McClure Group',93.43,122.00,11,5),(121,'Zoolab','O\'Keefe, Erdman and King',54.15,177.00,3,25),(122,'Hatity','Deckow LLC',90.03,132.00,9,4),(123,'Alphazap','Kautzer LLC',52.13,107.00,6,16),(124,'Opela','Cummerata Inc',70.12,161.00,7,20),(125,'Zoolab','Feeney Group',83.94,105.00,9,24),(126,'Gembucket','Conroy, Prohaska and Wehner',53.10,135.00,3,14),(127,'Sonair','Kub Group',83.21,125.00,2,8),(128,'Redhold','Smitham, Little and Stark',82.04,157.00,4,24),(129,'Prodder','McGlynn-Ernser',56.12,163.00,6,19),(130,'Lotstring','Altenwerth-Price',94.93,168.00,8,9),(131,'Tres-Zap','Thiel-Brakus',80.95,132.00,5,19),(132,'Stringtough','Robel Group',68.53,111.00,6,2),(133,'Span','Haag and Sons',94.24,112.00,5,11),(134,'Konklux','Hauck, Anderson and Rogahn',78.86,148.00,7,17),(135,'Toughjoyfax','Murazik, Swaniawski and Marks',91.69,199.00,9,19),(136,'Treeflex','Senger, Turcotte and Marks',77.16,185.00,4,18),(137,'Flexidy','Kautzer, Bosco and Stamm',51.31,120.00,6,20),(138,'Temp','Sanford, Kutch and Beatty',53.81,193.00,2,9),(139,'Konklab','Welch-Toy',88.96,184.00,6,11),(140,'Zoolab','Barton, Swaniawski and Ullrich',75.74,120.00,8,5),(141,'Veribet','Kassulke, Armstrong and Purdy',98.03,133.00,13,3),(142,'Zoolab','Kunze-Hoeger',69.00,115.00,7,22),(143,'Konklab','Koelpin, Bergstrom and Kshlerin',61.63,123.00,2,23),(144,'Tempsoft','Monahan, Schiller and Price',76.60,100.00,9,23),(145,'Stringtough','Tremblay LLC',70.25,100.00,7,5),(146,'Vagram','Leannon-Torp',84.75,130.00,11,11),(147,'Flexidy','Ledner, Schmidt and Fisher',62.39,138.00,7,21),(148,'Konklab','Boehm and Sons',78.48,166.00,3,25),(149,'Voyatouch','Reichel, Nitzsche and Beahan',78.50,129.00,10,21),(150,'Kanlam','McCullough Inc',56.81,185.00,8,15),(151,'Wrapsafe','Schamberger Group',67.53,176.00,10,3),(152,'Home Ing','Considine Group',52.49,167.00,11,8),(153,'Sub-Ex','Predovic, Simonis and Reynolds',53.68,172.00,9,3),(154,'Toughjoyfax','Roob, Nolan and McGlynn',94.97,154.00,5,3),(155,'Fix San','Bergstrom LLC',79.18,184.00,10,5),(156,'Zoolab','Stiedemann, Hilpert and Bradtke',51.50,185.00,1,18),(157,'Bigtax','Mertz Group',81.80,119.00,2,12),(158,'Subin','Bartoletti Group',70.10,124.00,5,5),(159,'Zontrax','Christiansen, Rath and Harvey',50.90,176.00,8,2),(160,'Trippledex','Hettinger-Cummings',87.91,198.00,3,15),(161,'Transcof','Jones-Lang',67.74,132.00,12,12),(162,'Flowdesk','Hills-Dare',92.34,169.00,10,18),(163,'Andalax','Douglas, Abernathy and Steuber',73.16,181.00,5,20),(164,'Cookley','Price, Feest and Schowalter',61.75,100.00,1,4),(165,'Namfix','Ziemann, Schumm and Rippin',62.34,126.00,9,3),(166,'Zaam-Dox','Kutch and Sons',82.94,128.00,7,9),(167,'Flowdesk','Hodkiewicz-Kuhn',80.76,171.00,4,4),(168,'Cardguard','Bogan-Howell',51.97,138.00,11,11),(169,'Voltsillam','Wisoky, Howell and Powlowski',78.21,163.00,2,19),(170,'Gembucket','Kessler, Schaden and Parisian',53.85,118.00,10,10),(171,'Y-Solowarm','O\'Keefe, Daugherty and Kovacek',92.48,192.00,10,18),(172,'Stim','Wolf, Jast and Cassin',90.59,174.00,5,18),(173,'Opela','Osinski, Larson and Feest',79.88,191.00,13,9),(174,'Ventosanzap','Tillman LLC',52.85,110.00,12,21),(175,'Alpha','Schmitt-Hayes',97.52,108.00,8,20),(176,'Sonsing','Buckridge, Huels and Marks',67.42,115.00,5,4),(177,'Andalax','Littel Inc',53.45,141.00,2,6),(178,'Ronstring','Franecki, Durgan and Huels',77.51,181.00,4,6),(179,'Stim','Kiehn-Cummings',92.96,154.00,13,25),(180,'Bitwolf','Collier and Sons',60.63,125.00,12,3),(181,'Kanlam','Lubowitz-Turner',66.65,189.00,12,1),(182,'Viva','Kohler Group',77.09,104.00,2,24),(183,'Opela','Gaylord-Barrows',60.41,137.00,4,4),(184,'Span','Bins-Daugherty',64.43,109.00,1,14),(185,'Temp','Jacobson-Mosciski',75.68,199.00,3,9),(186,'Zontrax','MacGyver, Kub and Daniel',88.14,192.00,8,24),(187,'Sonair','Jast Group',54.75,100.00,13,25),(188,'Veribet','Kihn, Champlin and McGlynn',75.51,140.00,9,15),(189,'Ronstring','Rogahn, Homenick and Mills',98.85,186.00,13,23),(190,'Duobam','Doyle-Dickens',83.92,198.00,6,4),(191,'Voyatouch','Larkin LLC',65.76,114.00,3,4),(192,'Sonair','Hartmann-Borer',53.05,131.00,1,19),(193,'Voyatouch','Fisher-Daugherty',56.47,166.00,8,12),(194,'Fixflex','Ziemann, Dare and Leffler',80.39,150.00,5,9),(195,'Temp','Kunde-Kunze',83.58,165.00,1,23),(196,'Ventosanzap','Jacobi, Rodriguez and Schuppe',88.81,129.00,5,7),(197,'Trippledex','Hahn Inc',58.91,114.00,6,25),(198,'Bigtax','Hartmann Group',85.04,159.00,6,10),(199,'Solarbreeze','Dickinson, Cartwright and Zulauf',90.93,195.00,12,24),(200,'Cookley','Prosacco-Mitchell',60.99,135.00,1,15),(201,'Konklux','Hane, Hilpert and Bayer',93.22,181.00,13,2),(202,'Konklux','Gusikowski, Reynolds and Streich',60.31,199.00,3,10),(203,'It','Adams Inc',63.61,102.00,10,13),(204,'Biodex','Weimann-Marvin',85.19,121.00,12,4),(205,'Domainer','Hermiston-Daugherty',98.19,136.00,11,1),(206,'Solarbreeze','Kris-Cole',94.61,175.00,9,11),(207,'Domainer','Feeney LLC',95.92,120.00,8,18),(208,'Domainer','Morissette-Greenholt',50.09,144.00,2,18),(209,'Cookley','Moen and Sons',94.00,156.00,10,6),(210,'Mat Lam Tam','Deckow-Kovacek',73.81,153.00,13,17),(211,'Cardguard','Kling-Huels',99.12,121.00,9,18),(212,'Keylex','Crooks LLC',50.53,195.00,11,14),(213,'Opela','Bruen-Kozey',94.12,104.00,8,14),(214,'Daltfresh','Kessler-Spencer',98.87,101.00,3,8),(215,'Duobam','Gorczany, Bahringer and Herzog',80.30,103.00,8,12),(216,'Bamity','Morissette and Sons',86.96,132.00,2,24),(217,'Y-find','Harris, Weimann and Nader',71.22,109.00,7,17),(218,'Otcom','Simonis LLC',51.93,188.00,9,25),(219,'Stringtough','Cartwright, Ledner and Hegmann',94.68,191.00,8,4),(220,'Voyatouch','Bergstrom, Hackett and Prosacco',81.21,106.00,5,23),(221,'Fix San','Keebler LLC',53.16,156.00,5,19),(222,'Namfix','Bergstrom Group',56.12,126.00,1,20),(223,'Keylex','Maggio-Lueilwitz',75.67,171.00,2,24),(224,'Zamit','Cruickshank LLC',83.12,198.00,9,10),(225,'Zathin','Braun, Quigley and Brekke',89.36,162.00,3,5),(226,'Solarbreeze','Howe, Kub and Haley',90.01,188.00,8,22),(227,'Flowdesk','Volkman, Heller and Hahn',50.28,175.00,13,10),(228,'Ronstring','Lynch-Keebler',76.67,158.00,4,5),(229,'Domainer','Mueller LLC',87.95,100.00,12,4),(230,'Bytecard','Fay, Rutherford and Mraz',65.59,164.00,8,24),(231,'Otcom','Brakus, Kirlin and Cole',64.91,100.00,9,5),(232,'Gembucket','Kub LLC',62.44,101.00,3,7),(233,'Holdlamis','Rippin Inc',84.58,129.00,11,16),(234,'Keylex','Swaniawski Inc',51.25,149.00,12,21),(235,'Fix San','Hamill and Sons',67.06,174.00,8,22),(236,'Konklux','Fay LLC',74.72,181.00,6,23),(237,'Cookley','Feeney, Streich and Feil',86.61,155.00,2,2),(238,'Fintone','Bradtke, Bosco and Kutch',57.18,152.00,11,20),(239,'Temp','Osinski-Gleichner',72.36,171.00,13,14),(240,'Stim','Kuvalis, Littel and Bechtelar',69.49,108.00,2,7),(241,'Pannier','Carter-Gleichner',53.35,185.00,2,22),(242,'Tres-Zap','Maggio, Fritsch and McLaughlin',61.44,196.00,5,4),(243,'Zathin','Roob, Schultz and Smitham',69.96,106.00,1,12),(244,'Fix San','Lebsack, Simonis and Wisoky',53.88,129.00,3,23),(245,'Tin','McLaughlin Inc',81.97,139.00,7,19),(246,'Konklux','Mueller Group',66.73,160.00,8,24),(247,'Job','Windler, Lakin and Heaney',64.11,197.00,4,8),(248,'Rank','Maggio LLC',72.35,110.00,11,14),(249,'Lotlux','Raynor-Hettinger',73.39,116.00,8,22),(250,'Flowdesk','Gerhold, Brakus and Dickens',67.51,129.00,3,19),(251,'Duobam','Hettinger LLC',63.06,108.00,9,1),(252,'Fintone','Rosenbaum, Effertz and Schowalter',61.95,145.00,10,14),(253,'Sonsing','Nader Inc',70.50,107.00,5,17),(254,'Matsoft','Hoppe, Glover and Langosh',73.91,150.00,3,1),(255,'Tampflex','Hahn, Hane and Ullrich',97.35,122.00,11,7),(256,'Mat Lam Tam','Nolan-Sipes',64.43,180.00,8,8),(257,'Rank','Gibson, Williamson and Ritchie',65.88,173.00,1,7),(258,'Y-find','Satterfield-Hyatt',87.11,112.00,12,18),(259,'Pannier','Kozey Inc',60.06,128.00,6,23),(260,'Zamit','Turner-Walter',79.12,129.00,7,3),(261,'It','Schuppe-Rowe',71.22,111.00,3,12),(262,'Rank','O\'Conner Inc',67.12,141.00,6,25),(263,'Opela','Kautzer, Franecki and Crona',58.46,160.00,8,24),(264,'Namfix','Mills-Hodkiewicz',77.02,149.00,5,18),(265,'Quo Lux','Kozey-Schuster',92.02,119.00,9,24),(266,'Fixflex','Labadie-Jacobson',63.73,162.00,9,22),(267,'Voltsillam','Rice LLC',97.46,105.00,9,16),(268,'Hatity','Gleason-Krajcik',92.02,101.00,11,4),(269,'Aerified','Kohler Inc',58.93,136.00,10,18),(270,'Cookley','DuBuque, D\'Amore and Veum',60.68,106.00,13,5),(271,'Home Ing','Gottlieb, Hand and Homenick',64.69,100.00,9,6),(272,'Sonair','Fay, Rau and Lubowitz',72.17,133.00,9,12),(273,'Konklab','Abbott LLC',75.68,197.00,7,23),(274,'Prodder','Ruecker-Keebler',79.25,165.00,6,24),(275,'Biodex','Cartwright, Casper and Jones',63.27,121.00,10,21),(276,'Fix San','Tromp, Bartell and Grimes',79.75,149.00,13,21),(277,'Lotstring','Sawayn and Sons',72.72,134.00,4,9),(278,'Lotstring','Swaniawski Inc',75.06,112.00,3,16),(279,'Voyatouch','Moore Group',87.98,189.00,9,20),(280,'Asoka','Luettgen and Sons',96.61,107.00,1,14),(281,'Ventosanzap','Rempel-Kiehn',90.97,110.00,6,11),(282,'Cookley','Kuhlman and Sons',94.44,165.00,5,11),(283,'Flowdesk','Heaney and Sons',90.97,129.00,5,6),(284,'Alphazap','Mueller, Shanahan and Mante',86.68,163.00,3,23),(285,'Voyatouch','Mayert LLC',93.90,165.00,9,14),(286,'Subin','Lueilwitz-Collins',74.93,176.00,13,19),(287,'Greenlam','Flatley LLC',79.01,183.00,6,6),(288,'Temp','Bernhard, Strosin and Harris',98.51,194.00,6,3),(289,'Span','Bartoletti, Kunze and Mitchell',99.41,175.00,9,19),(290,'Transcof','Hansen-Hodkiewicz',75.49,144.00,9,25),(291,'Tin','Lueilwitz-Stracke',53.70,196.00,11,16),(292,'Temp','Toy, Bogisich and Pagac',82.08,142.00,13,2),(293,'Konklab','McGlynn LLC',90.21,190.00,9,11),(294,'Subin','Wolff Inc',58.46,121.00,5,13),(295,'Quo Lux','Ratke, Schmeler and Huels',62.36,150.00,5,7),(296,'Ventosanzap','Reilly, Ferry and Marks',60.12,120.00,4,1),(297,'It','Heathcote Inc',65.86,101.00,2,22),(298,'Fix San','Gottlieb Inc',99.79,200.00,7,6),(299,'Otcom','Upton Group',99.01,179.00,12,18),(300,'Sub-Ex','Wiza LLC',96.09,179.00,11,6);
/*!40000 ALTER TABLE `produto` ENABLE KEYS */;
UNLOCK TABLES;

--
-- Table structure for table `rel_prod_cliente`
--

DROP TABLE IF EXISTS `rel_prod_cliente`;
/*!40101 SET @saved_cs_client     = @@character_set_client */;
/*!50503 SET character_set_client = utf8mb4 */;
CREATE TABLE `rel_prod_cliente` (
  `Rel_Prod_Cliente_ID` int NOT NULL,
  `Cliente_ID` int DEFAULT NULL,
  `Produto_ID` int DEFAULT NULL,
  PRIMARY KEY (`Rel_Prod_Cliente_ID`),
  KEY `FK__Rel_Prod___Clien__4E88ABD4` (`Cliente_ID`),
  KEY `FK__Rel_Prod___Produ__4F7CD00D` (`Produto_ID`),
  CONSTRAINT `FK__Rel_Prod___Clien__00200768` FOREIGN KEY (`Cliente_ID`) REFERENCES `cliente` (`Cliente_ID`),
  CONSTRAINT `FK__Rel_Prod___Clien__4E88ABD4` FOREIGN KEY (`Cliente_ID`) REFERENCES `cliente` (`Cliente_ID`),
  CONSTRAINT `FK__Rel_Prod___Produ__01142BA1` FOREIGN KEY (`Produto_ID`) REFERENCES `produto` (`Produto_ID`),
  CONSTRAINT `FK__Rel_Prod___Produ__4F7CD00D` FOREIGN KEY (`Produto_ID`) REFERENCES `produto` (`Produto_ID`)
) ENGINE=InnoDB DEFAULT CHARSET=utf8mb4 COLLATE=utf8mb4_0900_ai_ci;
/*!40101 SET character_set_client = @saved_cs_client */;

--
-- Dumping data for table `rel_prod_cliente`
--

LOCK TABLES `rel_prod_cliente` WRITE;
/*!40000 ALTER TABLE `rel_prod_cliente` DISABLE KEYS */;
INSERT INTO `rel_prod_cliente` VALUES (1,148,133),(2,28,289),(3,47,10),(4,8,42),(5,12,13),(6,115,176),(7,12,216),(8,41,90),(9,74,56),(10,52,166),(11,146,272),(12,104,102),(13,34,220),(14,23,156),(15,86,97),(16,87,48),(17,28,222),(18,148,137),(19,53,111),(20,75,78),(21,47,98),(22,97,184),(23,83,27),(24,137,87),(25,34,94),(26,46,3),(27,34,53),(28,76,66),(29,85,113),(30,146,159),(31,60,257),(32,127,131),(33,106,74),(34,3,131),(35,145,268),(36,30,12),(37,79,2),(38,148,151),(39,106,148),(40,78,206),(41,139,240),(42,55,272),(43,67,200),(44,126,92),(45,19,87),(46,144,81),(47,79,161),(48,144,130),(49,111,70),(50,110,189),(51,23,275),(52,38,257),(53,48,154),(54,40,210),(55,148,183),(56,4,210),(57,71,115),(58,46,28),(59,23,55),(60,87,162),(61,117,252),(62,84,221),(63,22,170),(64,110,101),(65,31,87),(66,148,114),(67,101,124),(68,82,235),(69,57,155),(70,122,44),(71,18,108),(72,116,295),(73,13,273),(74,143,181),(75,137,43),(76,68,115),(77,78,177),(78,129,43),(79,51,230),(80,114,261),(81,96,222),(82,100,208),(83,150,144),(84,68,147),(85,45,184),(86,66,216),(87,69,101),(88,96,262),(89,111,152),(90,130,268),(91,106,167),(92,88,11),(93,23,118),(94,109,70),(95,49,206),(96,125,246),(97,63,272),(98,50,110),(99,114,187),(100,58,85),(101,39,261),(102,106,140),(103,41,6),(104,148,205),(105,78,272),(106,148,233),(107,29,257),(108,62,35),(109,39,153),(110,92,205),(111,75,235),(112,17,208),(113,49,160),(114,38,191),(115,89,133),(116,114,7),(117,43,67),(118,145,30),(119,94,97),(120,144,131),(121,117,51),(122,146,31),(123,12,259),(124,37,149),(125,102,121),(126,118,261),(127,43,191),(128,149,206),(129,113,150),(130,93,154),(131,51,129),(132,56,52),(133,97,157),(134,90,6),(135,29,174),(136,40,71),(137,138,264),(138,87,78),(139,60,44),(140,101,85),(141,94,180),(142,59,140),(143,125,174),(144,111,114),(145,46,157),(146,131,84),(147,41,88),(148,110,298),(149,150,253),(150,81,84),(151,139,102),(152,65,55),(153,84,160),(154,45,107),(155,42,255),(156,15,49),(157,82,256),(158,113,196),(159,12,164),(160,3,195),(161,71,85),(162,51,6),(163,11,110),(164,4,159),(165,12,223),(166,102,256),(167,11,132),(168,112,249),(169,100,136),(170,116,98),(171,83,221),(172,49,274),(173,83,253),(174,135,263),(175,18,237),(176,76,69),(177,87,265),(178,77,179),(179,49,75),(180,18,107),(181,60,190),(182,8,31),(183,102,104),(184,33,194),(185,105,194),(186,139,234),(187,92,156),(188,15,90),(189,7,40),(190,11,91),(191,76,150),(192,54,2),(193,77,230),(194,139,235),(195,112,120),(196,109,121),(197,38,42),(198,52,184),(199,84,196),(200,34,202),(201,78,145),(202,91,173),(203,61,229),(204,110,73),(205,60,264),(206,134,186),(207,97,290),(208,91,258),(209,66,97),(210,74,264),(211,7,246),(212,91,221),(213,43,186),(214,35,205),(215,51,86),(216,12,201),(217,119,28),(218,119,129),(219,33,55),(220,99,34),(221,42,160),(222,107,236),(223,21,175),(224,36,294),(225,12,196),(226,114,1),(227,90,22),(228,65,300),(229,45,265),(230,99,121),(231,93,22),(232,80,108),(233,17,201),(234,67,17),(235,92,127),(236,56,142),(237,96,145),(238,130,293),(239,16,114),(240,123,107),(241,88,138),(242,8,108),(243,141,32),(244,35,134),(245,44,59),(246,76,71),(247,53,42),(248,82,130),(249,124,183),(250,86,129),(251,94,200),(252,144,17),(253,119,269),(254,138,241),(255,79,48),(256,96,201),(257,84,167),(258,115,8),(259,9,136),(260,135,147),(261,96,113),(262,89,205),(263,120,96),(264,132,268),(265,45,112),(266,114,66),(267,84,209),(268,46,195),(269,23,65),(270,146,163),(271,81,139),(272,123,57),(273,44,183),(274,97,250),(275,45,162),(276,133,172),(277,63,147),(278,114,34),(279,100,122),(280,28,174),(281,24,209),(282,104,181),(283,18,134),(284,102,41),(285,123,273),(286,108,157),(287,84,166),(288,136,222),(289,143,266),(290,50,100),(291,127,179),(292,135,258),(293,38,240),(294,75,23),(295,136,254),(296,144,193),(297,43,295),(298,73,156),(299,59,198),(300,68,248),(301,138,271),(302,62,165),(303,16,199),(304,81,273),(305,104,211),(306,109,8),(307,66,173),(308,149,148),(309,110,273),(310,136,140),(311,145,103),(312,135,262),(313,55,29),(314,83,175),(315,134,50),(316,108,116),(317,136,196),(318,52,104),(319,120,202),(320,16,63),(321,92,20),(322,10,293),(323,56,139),(324,78,202),(325,53,271),(326,94,271),(327,79,300),(328,102,39),(329,54,252),(330,7,280),(331,102,60),(332,145,135),(333,86,183),(334,111,217),(335,34,298),(336,104,86),(337,82,210),(338,101,36),(339,54,74),(340,30,253),(341,61,221),(342,145,245),(343,144,17),(344,135,253),(345,147,239),(346,123,228),(347,85,278),(348,8,47),(349,24,156),(350,37,53),(351,54,252),(352,124,285),(353,17,261),(354,29,137),(355,80,245),(356,52,168),(357,110,147),(358,47,240),(359,78,294),(360,44,260),(361,13,5),(362,108,228),(363,40,15),(364,57,13),(365,105,175),(366,76,269),(367,60,77),(368,67,127),(369,110,152),(370,36,260),(371,59,59),(372,73,242),(373,23,48),(374,147,242),(375,49,255),(376,98,70),(377,8,196),(378,94,266),(379,94,153),(380,6,20),(381,120,274),(382,21,116),(383,48,278),(384,121,146),(385,123,137),(386,77,213),(387,89,293),(388,87,241),(389,150,252),(390,45,190),(391,94,118),(392,141,196),(393,94,284),(394,73,184),(395,51,190),(396,10,165),(397,113,131),(398,125,6),(399,40,280),(400,46,151),(401,84,122),(402,15,274),(403,47,90),(404,82,43),(405,107,197),(406,94,39),(407,125,27),(408,20,101),(409,24,10),(410,146,35),(411,67,261),(412,96,185),(413,19,232),(414,64,159),(415,70,183),(416,88,199),(417,87,25),(418,32,2),(419,36,234),(420,38,242),(421,28,157),(422,40,32),(423,108,202),(424,129,61),(425,81,204),(426,87,111),(427,79,184),(428,95,114),(429,29,78),(430,107,64),(431,137,127),(432,82,50),(433,113,127),(434,126,137),(435,101,267),(436,115,111),(437,86,284),(438,134,135),(439,48,178),(440,83,219),(441,109,50),(442,87,270),(443,118,177),(444,136,287),(445,36,134),(446,31,198),(447,97,232),(448,27,3),(449,135,64),(450,50,138),(451,29,171),(452,89,86),(453,49,188),(454,38,221),(455,108,104),(456,147,237),(457,104,294),(458,83,19),(459,105,238),(460,125,144),(461,2,34),(462,116,202),(463,2,265),(464,95,77),(465,71,108),(466,1,262),(467,26,65),(468,95,22),(469,36,179),(470,100,299),(471,97,99),(472,141,263),(473,146,289),(474,49,56),(475,31,3),(476,70,87),(477,61,280),(478,14,256),(479,140,255),(480,8,219),(481,58,109),(482,3,266),(483,98,257),(484,116,263),(485,100,25),(486,43,141),(487,108,218),(488,149,168),(489,34,40),(490,93,257),(491,84,212),(492,91,188),(493,119,239),(494,61,69),(495,66,76),(496,60,69),(497,99,118),(498,107,153),(499,47,68),(500,4,222),(501,149,211),(502,134,168),(503,91,252),(504,79,165),(505,105,45),(506,141,234),(507,51,28),(508,110,82),(509,87,113),(510,87,148),(511,130,43),(512,30,274),(513,3,16),(514,53,17),(515,103,112),(516,49,87),(517,20,115),(518,35,269),(519,94,111),(520,16,216),(521,82,74),(522,110,285),(523,14,159),(524,122,103),(525,76,203),(526,5,82),(527,93,225),(528,92,191),(529,29,80),(530,96,4),(531,102,218),(532,1,132),(533,150,252),(534,11,171),(535,16,231),(536,85,174),(537,22,37),(538,114,261),(539,7,5),(540,32,299),(541,44,221),(542,97,111),(543,24,92),(544,15,42),(545,128,200),(546,133,191),(547,46,258),(548,85,37),(549,11,87),(550,123,87),(551,16,178),(552,81,34),(553,22,187),(554,121,131),(555,49,226),(556,31,192),(557,97,196),(558,79,96),(559,102,272),(560,42,126),(561,128,232),(562,60,118),(563,70,143),(564,40,204),(565,76,98),(566,58,207),(567,84,32),(568,112,8),(569,17,214),(570,85,208),(571,51,292),(572,110,133),(573,95,248),(574,2,80),(575,96,153),(576,133,110),(577,72,240),(578,71,61),(579,139,226),(580,15,180),(581,144,60),(582,4,95),(583,144,23),(584,150,7),(585,73,84),(586,131,205),(587,102,196),(588,67,223),(589,136,201),(590,117,274),(591,49,93),(592,64,91),(593,78,96),(594,146,261),(595,97,87),(596,38,296),(597,26,265),(598,56,246),(599,20,9),(600,115,236),(601,89,182),(602,20,162),(603,11,165),(604,81,153),(605,14,224),(606,142,155),(607,36,39),(608,138,173),(609,129,272),(610,132,234),(611,67,199),(612,121,4),(613,93,209),(614,31,71),(615,2,114),(616,130,4),(617,8,193),(618,148,219),(619,103,233),(620,45,258),(621,88,199),(622,56,231),(623,105,149),(624,98,239),(625,92,32),(626,69,160),(627,128,293),(628,80,129),(629,93,220),(630,6,260),(631,142,34),(632,115,86),(633,129,163),(634,102,123),(635,1,175),(636,95,86),(637,65,219),(638,22,56),(639,18,171),(640,32,49),(641,136,148),(642,54,195),(643,74,192),(644,57,118),(645,7,64),(646,103,191),(647,48,29),(648,62,234),(649,6,121),(650,69,197),(651,105,20),(652,134,220),(653,56,199),(654,105,85),(655,15,258),(656,125,185),(657,137,165),(658,125,17),(659,59,194),(660,149,25),(661,110,58),(662,85,138),(663,55,77),(664,52,108),(665,21,273),(666,118,195),(667,72,114),(668,33,141),(669,32,91),(670,75,204),(671,49,176),(672,133,59),(673,46,175),(674,71,65),(675,31,227),(676,35,44),(677,81,204),(678,68,37),(679,111,50),(680,58,34),(681,120,285),(682,58,48),(683,78,223),(684,54,198),(685,30,127),(686,146,96),(687,25,173),(688,6,35),(689,130,147),(690,2,213),(691,141,229),(692,133,21),(693,99,286),(694,44,137),(695,25,9),(696,78,167),(697,63,154),(698,95,269),(699,143,19),(700,97,16),(701,20,295),(702,22,21),(703,141,46),(704,14,211),(705,93,38),(706,119,99),(707,53,274),(708,75,79),(709,119,296),(710,74,72),(711,40,28),(712,36,92),(713,28,50),(714,18,261),(715,58,162),(716,9,9),(717,35,109),(718,112,294),(719,113,42),(720,120,248),(721,103,248),(722,140,36),(723,61,251),(724,29,10),(725,112,257),(726,33,106),(727,65,277),(728,108,25),(729,145,180),(730,41,287),(731,61,258),(732,103,209),(733,2,234),(734,9,84),(735,13,277),(736,124,291),(737,120,85),(738,75,7),(739,3,84),(740,82,40),(741,15,259),(742,37,219),(743,60,145),(744,6,178),(745,68,35),(746,10,127),(747,69,170),(748,104,175),(749,27,46),(750,121,110),(751,108,141),(752,106,69),(753,82,28),(754,25,90),(755,84,206),(756,120,205),(757,115,103),(758,74,141),(759,96,178),(760,87,181),(761,58,109),(762,148,291),(763,145,230),(764,54,284),(765,49,156),(766,100,53),(767,16,37),(768,21,287),(769,105,132),(770,122,125),(771,132,207),(772,44,139),(773,29,91),(774,133,298),(775,44,195),(776,87,249),(777,134,55),(778,44,124),(779,4,263),(780,34,26),(781,144,187),(782,66,111),(783,4,229),(784,99,255),(785,87,62),(786,145,18),(787,112,188),(788,48,68),(789,19,268),(790,92,213),(791,24,239),(792,63,234),(793,73,288),(794,34,213),(795,147,182),(796,82,287),(797,46,58),(798,115,108),(799,97,31),(800,35,2),(801,31,31),(802,10,232),(803,116,115),(804,55,248),(805,99,90),(806,61,229),(807,96,276),(808,36,69),(809,101,211),(810,148,136),(811,49,293),(812,8,275),(813,39,172),(814,78,42),(815,119,279),(816,58,149),(817,123,66),(818,48,80),(819,79,111),(820,145,129),(821,80,278),(822,90,91),(823,12,104),(824,26,274),(825,32,42),(826,116,169),(827,20,69),(828,128,106),(829,140,153),(830,129,119),(831,28,51),(832,44,218),(833,46,26),(834,113,299),(835,138,164),(836,96,53),(837,95,257),(838,24,172),(839,29,109),(840,138,113),(841,90,25),(842,130,296),(843,67,39),(844,100,265),(845,101,149),(846,112,227),(847,69,277),(848,23,170),(849,95,278),(850,16,175),(851,15,282),(852,78,236),(853,89,83),(854,49,12),(855,115,114),(856,129,263),(857,149,61),(858,85,274),(859,72,141),(860,104,167),(861,40,243),(862,67,130),(863,13,106),(864,111,270),(865,94,238),(866,133,99),(867,46,10),(868,2,176),(869,146,131),(870,132,235),(871,150,170),(872,31,98),(873,59,100),(874,28,185),(875,40,131),(876,138,206),(877,38,171),(878,59,260),(879,129,52),(880,65,97),(881,73,226),(882,32,240),(883,67,287),(884,118,182),(885,148,190),(886,70,12),(887,132,193),(888,61,222),(889,138,114),(890,16,17),(891,93,233),(892,96,233),(893,5,295),(894,73,249),(895,122,30),(896,83,130),(897,86,224),(898,10,241),(899,21,71),(900,63,77),(901,9,37),(902,87,212),(903,4,72),(904,146,3),(905,82,237),(906,145,97),(907,60,231),(908,57,167),(909,3,158),(910,105,47),(911,19,148),(912,57,31),(913,84,82),(914,38,226),(915,99,147),(916,31,253),(917,61,212),(918,61,78),(919,6,77),(920,39,199),(921,65,225),(922,109,118),(923,38,85),(924,51,80),(925,9,169),(926,8,93),(927,67,81),(928,25,294),(929,6,58),(930,88,216),(931,79,81),(932,80,147),(933,35,183),(934,146,271),(935,80,53),(936,53,269),(937,39,254),(938,136,10),(939,46,252),(940,117,257),(941,22,167),(942,105,247),(943,138,146),(944,83,169),(945,116,285),(946,60,69),(947,137,222),(948,149,48),(949,18,191),(950,144,224),(951,62,61),(952,141,99),(953,133,173),(954,64,64),(955,36,81),(956,86,270),(957,85,143),(958,54,103),(959,131,50),(960,134,97),(961,41,60),(962,132,169),(963,56,143),(964,82,258),(965,55,124),(966,27,223),(967,148,172),(968,105,236),(969,87,147),(970,8,130),(971,106,201),(972,44,153),(973,113,243),(974,55,35),(975,85,135),(976,66,155),(977,14,44),(978,116,209),(979,10,17),(980,39,187),(981,132,276),(982,12,53),(983,10,281),(984,48,67),(985,47,80),(986,19,47),(987,35,165),(988,126,155),(989,85,107),(990,8,100),(991,109,169),(992,43,236),(993,66,282),(994,12,91),(995,72,102),(996,29,194),(997,82,282),(998,71,48),(999,68,156),(1000,144,273);
/*!40000 ALTER TABLE `rel_prod_cliente` ENABLE KEYS */;
UNLOCK TABLES;

--
-- Table structure for table `telefone`
--

DROP TABLE IF EXISTS `telefone`;
/*!40101 SET @saved_cs_client     = @@character_set_client */;
/*!50503 SET character_set_client = utf8mb4 */;
CREATE TABLE `telefone` (
  `Telefone_ID` int NOT NULL,
  `Telefone` varchar(13) NOT NULL,
  `Cliente_ID` int DEFAULT NULL,
  PRIMARY KEY (`Telefone_ID`),
  KEY `FK__Telefone__Client__4BAC3F29` (`Cliente_ID`),
  CONSTRAINT `FK__Telefone__Client__02084FDA` FOREIGN KEY (`Cliente_ID`) REFERENCES `cliente` (`Cliente_ID`),
  CONSTRAINT `FK__Telefone__Client__4BAC3F29` FOREIGN KEY (`Cliente_ID`) REFERENCES `cliente` (`Cliente_ID`)
) ENGINE=InnoDB DEFAULT CHARSET=utf8mb4 COLLATE=utf8mb4_0900_ai_ci;
/*!40101 SET character_set_client = @saved_cs_client */;

--
-- Dumping data for table `telefone`
--

LOCK TABLES `telefone` WRITE;
/*!40000 ALTER TABLE `telefone` DISABLE KEYS */;
INSERT INTO `telefone` VALUES (1,'751646362266',80),(2,'333969298200',72),(3,'624541727136',89),(4,'828551636749',141),(5,'913145770660',24),(6,'583604339820',37),(7,'381127059013',147),(8,'355579589892',33),(9,'056811471112',114),(10,'931086859712',54),(11,'983473715373',32),(12,'921732175561',109),(13,'510113267833',45),(14,'735242755626',118),(15,'159397983156',57),(16,'508352003188',42),(17,'783508333786',82),(18,'366791798217',145),(19,'877180295642',146),(20,'595807760310',140),(21,'138042243521',19),(22,'036445728042',51),(23,'163323022459',100),(24,'473726422030',72),(25,'793426465769',126),(26,'323698990763',44),(27,'925082244886',36),(28,'285335887287',110),(29,'982159217927',69),(30,'300806100815',148),(31,'802383510661',133),(32,'922210832685',118),(33,'448624051174',87),(34,'320032001615',103),(35,'507381993278',114),(36,'202866582160',147),(37,'693851354745',59),(38,'277330884057',61),(39,'970393393905',53),(40,'184207393888',66),(41,'719479877295',136),(42,'703530489391',67),(43,'407650808017',128),(44,'477900707447',126),(45,'388668874639',92),(46,'829602569081',134),(47,'831137950373',54),(48,'500826988713',95),(49,'022831931707',43),(50,'152944947513',16),(51,'003361395271',71),(52,'219193307342',25),(53,'639228174059',123),(54,'089069577768',32),(55,'371145456287',84),(56,'238159098894',91),(57,'543345144606',72),(58,'084170613090',66),(59,'685139657406',43),(60,'354309241495',9),(61,'868938490879',48),(62,'785077219503',35),(63,'922184282007',60),(64,'533429042932',116),(65,'764190294439',90),(66,'896088217743',121),(67,'356903360945',23),(68,'764543424583',83),(69,'383296284789',123),(70,'105497427622',60),(71,'074195291729',66),(72,'492890036889',75),(73,'979800106449',50),(74,'920178547709',70),(75,'404108557382',34),(76,'584281911432',71),(77,'569790132094',36),(78,'296310902949',103),(79,'088912912102',106),(80,'797290179837',104),(81,'922088397128',115),(82,'552350977696',32),(83,'507313502109',20),(84,'519562334727',85),(85,'052654580791',122),(86,'392275358989',48),(87,'989511024961',25),(88,'413841321894',115),(89,'705491399588',51),(90,'635540616209',22),(91,'507904037645',64),(92,'942090894557',115),(93,'697914669522',25),(94,'252834001897',69),(95,'392610135173',144),(96,'028893603770',29),(97,'861234657954',61),(98,'905870293483',14),(99,'585668551743',47),(100,'658384032385',72),(101,'764214433068',89),(102,'008959731698',106),(103,'682940936913',94),(104,'381630792244',39),(105,'075664508145',31),(106,'627054759283',16),(107,'974323548059',37),(108,'444318747484',88),(109,'640387467264',40),(110,'209785306223',44),(111,'760170770368',45),(112,'257019986860',141),(113,'409226728091',127),(114,'347319291526',123),(115,'943020109848',32),(116,'421646523972',76),(117,'313999492458',30),(118,'718597100426',91),(119,'293792197700',73),(120,'699696516216',46),(121,'803923646875',130),(122,'966907911524',123),(123,'359187634168',51),(124,'705029660877',110),(125,'656700654669',1),(126,'846088350686',24),(127,'760918524134',132),(128,'274054554534',133),(129,'323019428942',33),(130,'527147021629',87),(131,'948845348988',47),(132,'118608521305',72),(133,'945191507955',50),(134,'857489860238',46),(135,'000390732471',114),(136,'653909392681',36),(137,'540901829060',27),(138,'270881937265',135),(139,'042209337744',28),(140,'302071470055',84),(141,'983112440215',100),(142,'407922694945',82),(143,'475836217214',46),(144,'379436910551',104),(145,'187893660765',140),(146,'953883113602',141),(147,'455904209712',120),(148,'164445954527',142),(149,'360610155914',139),(150,'867684057772',60),(151,'825330082701',96),(152,'032513251733',132),(153,'955169562114',18),(154,'424993819348',125),(155,'491290545774',31),(156,'808653333231',3),(157,'432177315078',102),(158,'940387477139',111),(159,'571059102002',7),(160,'781982819394',37),(161,'440860610308',108),(162,'735345883794',11),(163,'884233887289',36),(164,'080104693355',87),(165,'281059233058',92),(166,'346327770025',139),(167,'365207250288',68),(168,'994667494852',34),(169,'762330343890',8),(170,'183867844520',17),(171,'400839664157',62),(172,'017697034968',14),(173,'233254353455',23),(174,'348127115938',105),(175,'030336554309',71),(176,'217174048082',122),(177,'548877483075',51),(178,'245468329227',145),(179,'976235539955',56),(180,'961007208763',56),(181,'803290754522',32),(182,'091231856042',113),(183,'677856490942',32),(184,'847976775046',149),(185,'947312918669',138),(186,'564212145586',144),(187,'869974772612',54),(188,'630712000894',37),(189,'993620504368',105),(190,'363722890626',107),(191,'183314683979',78),(192,'273423496673',8),(193,'803934804382',121),(194,'102928154782',8),(195,'420387714751',147),(196,'100628301593',88),(197,'121121065772',42),(198,'526080765383',122),(199,'467591721325',36),(200,'243670556542',115);
/*!40000 ALTER TABLE `telefone` ENABLE KEYS */;
UNLOCK TABLES;

--
-- Table structure for table `tipo_produto`
--

DROP TABLE IF EXISTS `tipo_produto`;
/*!40101 SET @saved_cs_client     = @@character_set_client */;
/*!50503 SET character_set_client = utf8mb4 */;
CREATE TABLE `tipo_produto` (
  `Tipo_Produto_ID` int NOT NULL,
  `Departamento_Prod` varchar(100) NOT NULL,
  PRIMARY KEY (`Tipo_Produto_ID`)
) ENGINE=InnoDB DEFAULT CHARSET=utf8mb4 COLLATE=utf8mb4_0900_ai_ci;
/*!40101 SET character_set_client = @saved_cs_client */;

--
-- Dumping data for table `tipo_produto`
--

LOCK TABLES `tipo_produto` WRITE;
/*!40000 ALTER TABLE `tipo_produto` DISABLE KEYS */;
INSERT INTO `tipo_produto` VALUES (1,'Gabinete'),(2,'Placa de Vídeo'),(3,'Processador'),(4,'Memória RAM'),(5,'SSD'),(6,'HD'),(7,'Placa Mãe'),(8,'Headset'),(9,'Mouse'),(10,'Teclado'),(11,'Monitor'),(12,'Mousepad'),(13,'Webcam');
/*!40000 ALTER TABLE `tipo_produto` ENABLE KEYS */;
UNLOCK TABLES;
/*!40103 SET TIME_ZONE=@OLD_TIME_ZONE */;

/*!40101 SET SQL_MODE=@OLD_SQL_MODE */;
/*!40014 SET FOREIGN_KEY_CHECKS=@OLD_FOREIGN_KEY_CHECKS */;
/*!40014 SET UNIQUE_CHECKS=@OLD_UNIQUE_CHECKS */;
/*!40101 SET CHARACTER_SET_CLIENT=@OLD_CHARACTER_SET_CLIENT */;
/*!40101 SET CHARACTER_SET_RESULTS=@OLD_CHARACTER_SET_RESULTS */;
/*!40101 SET COLLATION_CONNECTION=@OLD_COLLATION_CONNECTION */;
/*!40111 SET SQL_NOTES=@OLD_SQL_NOTES */;

-- Dump completed on 2021-09-17 15:26:31
